xargs: 경고: --max-args 및 --replace/-I/-i 옵션을 함께 사용할 수 없어, 앞의 --max-args 값을 무시합니다
./models/feedback.hexa	FAIL_T	[codegen_c2] ERROR: unhandled statement kind: TheoremStmt
./models/trinity.hexa	FAIL_T	[codegen_c2] ERROR: unhandled statement kind: TheoremStmt
./models/decoder_minimal.hexa	FAIL_T	[codegen_c2] use not found on disk: nn_core (4-way search: caller-dir, $HEXA_LANG/self, $HEXA_LANG, cwd, ./self)
./models/golden-moe/experiments/bench_golden_moe.hexa	FAIL_C	expected parameter declarator
./models/golden-moe/experiments/serve_golden_moe.hexa	FAIL_C	expected identifier or '('
./models/golden-moe/experiments/finetune_golden_moe.hexa	FAIL_C	type specifier missing, defaults to 'int'; ISO C99 and later do not support implicit int [-Wimplicit-int]
./models/golden-moe/experiments/golden_moe_v2.hexa	FAIL_C	unknown type name 'weakening'
./models/golden-moe/experiments/test_bench_golden_moe.hexa	FAIL_C	unknown type name '__hexa_sl_0'
./models/golden-moe/experiments/bench_golden_moe_consciousness.hexa	FAIL_C	type specifier missing, defaults to 'int'; ISO C99 and later do not support implicit int [-Wimplicit-int]
./models/golden-moe/core/src/lib.hexa	FAIL_T	Parse error at 31:21: unexpected token LBrace ('{')
./models/golden-moe/experiments/test_golden_moe_h100.hexa	FAIL_C	type specifier missing, defaults to 'int'; ISO C99 and later do not support implicit int [-Wimplicit-int]
./models/conscious_lm.hexa	FAIL_T	[codegen_c2] ERROR: unhandled statement kind: TheoremStmt
./models/conscious_decoder.hexa	PASS	
./models/lm_head_uv.hexa	FAIL_T	[codegen_c2] ERROR: unhandled statement kind: TheoremStmt
./models/golden-moe/consciousness_bridge.hexa	PASS	
./models/archive-legacy/vision_encoder.hexa	PASS	
./models/golden-moe/golden_moe_torch.hexa	PASS	
./models/golden-moe/moe.hexa	PASS	
./models/archive-legacy/decoder_v1_5.hexa	PASS	
./models/archive/__init__.hexa	PASS	
./models/archive/trinity_legacy.hexa	PASS	
./models/archive-legacy/telepathy_bridge.hexa	PASS	
./models/archive-legacy/pain_architecture.hexa	PASS	
./models/archive-legacy/quantum_engine_fast.hexa	PASS	
./models/archive-legacy/legacy_training.hexa	FAIL_T	Parse error at 45:13: unexpected token Colon (':')
./models/archive-legacy/training_hooks.hexa	PASS	
./models/archive-legacy/phi_scaling_calculator.hexa	PASS	
./models/archive-legacy/phi_economy.hexa	PASS	
./models/archive-legacy/neurofeedback.hexa	PASS	
./models/archive-legacy/legacy_phi.hexa	FAIL_T	Parse error at 38:13: unexpected token Colon (':')
./models/archive-legacy/model_loader.hexa	PASS	
./models/archive-legacy/mirror_mind.hexa	PASS	
./models/archive-legacy/legacy_biology.hexa	FAIL_T	Parse error at 44:13: unexpected token Colon (':')
./models/archive-legacy/legacy_decoders.hexa	FAIL_T	Parse error at 39:13: unexpected token Colon (':')
./models/archive-legacy/tension_link_code.hexa	PASS	
./models/archive-legacy/tension_link.hexa	PASS	
./models/archive-legacy/dream_language.hexa	PASS	
./models/archive-legacy/hexad_loss.hexa	PASS	
./models/archive-legacy/voice_synth.hexa	PASS	
./models/archive-legacy/optimal_architecture_calc.hexa	PASS	
./models/archive-legacy/gpu_phi.hexa	PASS	
./models/archive-legacy/online_learning.hexa	PASS	
./models/archive-legacy/reincarnation_engine.hexa	PASS	
./models/archive-legacy/mitosis.hexa	PASS	
./models/archive-legacy/decoder_v3.hexa	PASS	
./models/archive-legacy/model_pure_field.hexa	PASS	
./models/archive-legacy/module_factory.hexa	PASS	
./models/archive-legacy/immune_system.hexa	PASS	
./models/archive-legacy/dream_engine.hexa	PASS	
./models/archive-legacy/training_laws.hexa	PASS	
./models/animalm/infer_animalm.hexa	FAIL_T	Parse error at 7:10: expected identifier, got Eq ('=')
./models/archive-legacy/independent_rate_measurement.hexa	PASS	
./models/archive-legacy/neural_correlate_mapper.hexa	PASS	
./models/animalm/eval_animalm.hexa	FAIL_C	type specifier missing, defaults to 'int'; ISO C99 and later do not support implicit int [-Wimplicit-int]
./models/archive-legacy/conscious_lm_100m.hexa	PASS	
./models/archive-legacy/collective_dream.hexa	PASS	
./models/animalm/pipeline_7b_to_14b.hexa	FAIL_C	use of undeclared identifier 'shell'
./models/animalm/launch_14b.hexa	FAIL_C	use of undeclared identifier 'shell'
./models/animalm/animalm.hexa	PASS	
./models/archive-legacy/growing_conscious_lm_700m.hexa	PASS	
./models/archive-legacy/phi_predictor.hexa	PASS	
./models/animalm/bench_animalm.hexa	FAIL_C	type specifier missing, defaults to 'int'; ISO C99 and later do not support implicit int [-Wimplicit-int]
./models/animalm/test_bench_animalm.hexa	FAIL_C	unknown type name 'exaVal'; did you mean 'HexaVal'?
./models/animalm/animalm_talk5.hexa	FAIL_C	expected function body after function declarator
./models/animalm/archive/finetune_animalm_v4.hexa	FAIL_C	unknown type name 'ral'
./models/animalm/archive/finetune_animalm_v3.hexa	FAIL_C	type specifier missing, defaults to 'int'; ISO C99 and later do not support implicit int [-Wimplicit-int]
./models/animalm/experiments/fermat_cantor_accel.hexa	PASS	
./models/animalm/archive/train_anima_lm.hexa	FAIL_C	expected parameter declarator
./models/animalm/archive/finetune_animalm_v2.hexa	FAIL_C	type specifier missing, defaults to 'int'; ISO C99 and later do not support implicit int [-Wimplicit-int]
./models/animalm/archive/finetune_animalm.hexa	FAIL_C	type specifier missing, defaults to 'int'; ISO C99 and later do not support implicit int [-Wimplicit-int]
./models/decoder.hexa	FAIL_T	[codegen_c2] ERROR: unhandled statement kind: TheoremStmt
./models/animalm/serve_animalm_v2.hexa	FAIL_C	type specifier missing, defaults to 'int'; ISO C99 and later do not support implicit int [-Wimplicit-int]
./models/animalm/serve_animalm.hexa	FAIL_C	type specifier missing, defaults to 'int'; ISO C99 and later do not support implicit int [-Wimplicit-int]
./models/animalm/anima_lm.hexa	FAIL_C	type specifier missing, defaults to 'int'; ISO C99 and later do not support implicit int [-Wimplicit-int]
./models/animalm/test_animalm_h100.hexa	FAIL_C	type specifier missing, defaults to 'int'; ISO C99 and later do not support implicit int [-Wimplicit-int]
./models/animalm/train_alm.hexa	FAIL_C	type specifier missing, defaults to 'int'; ISO C99 and later do not support implicit int [-Wimplicit-int]
./models/feedback_bridge.hexa	PASS	
./training/deploy/holo_breakthrough_20260416/cuda_native/ml/._gpu_train.hexa	PASS	
./training/deploy/holo_breakthrough_20260416/cuda_native/ml/._cuda_rtc.hexa	PASS	
./training/deploy/holo_breakthrough_20260416/cuda_native/ml/._cuda_kernels.hexa	PASS	
./training/deploy/holo_breakthrough_20260416/cuda_native/ml/._gpu_grad_engine.hexa	PASS	
./training/deploy/holo_breakthrough_20260416/cuda_native/ml/._gpu_optimizer.hexa	PASS	
./training/deploy/hire_sim_baseline.hexa	PASS	
./training/deploy/holo_breakthrough_20260416/cuda_native/ml/._cuda_ffi.hexa	PASS	
./training/deploy/holo_breakthrough_20260416/cuda_native/gpu_optimizer.hexa	FAIL_T	[codegen_c2] use not found on disk: cuda_ffi (4-way search: caller-dir, $HEXA_LANG/self, $HEXA_LANG, cwd, ./self)
./training/deploy/alm14b_r10_bootstrap.hexa	FAIL_T	[codegen_c2] ERROR: unhandled statement kind: PanicStmt
./training/deploy/holo_breakthrough_20260416/cuda_native/gpu_grad_engine.hexa	FAIL_T	[codegen_c2] use not found on disk: cuda_ffi (4-way search: caller-dir, $HEXA_LANG/self, $HEXA_LANG, cwd, ./self)
./training/deploy/holo_breakthrough_20260416/cuda_native/gpu_tensor.hexa	FAIL_T	[codegen_c2] use not found on disk: cuda_ffi (4-way search: caller-dir, $HEXA_LANG/self, $HEXA_LANG, cwd, ./self)
./training/deploy/clm_r4_launch.hexa	FAIL_T	[codegen_c2] ERROR: unhandled statement kind: PanicStmt
./training/deploy/hire_sim_lenient.hexa	PASS	
./training/deploy/holo_breakthrough_20260416/cuda_native/ml/._gpu_memory_manager.hexa	PASS	
./training/deploy/holo_breakthrough_20260416/cuda_native/ml/._gpu_tensor.hexa	PASS	
./training/deploy/alm14b_r10b_bootstrap.hexa	FAIL_T	[codegen_c2] ERROR: unhandled statement kind: PanicStmt
./training/deploy/alm32b_r1_bootstrap.hexa	FAIL_T	[codegen_c2] ERROR: unhandled statement kind: PanicStmt
./training/deploy/alm14b_r9_bootstrap.hexa	FAIL_T	Parse error at 28:18: unexpected token Newline ('
./training/deploy/alm_14b_r10d_hexa_native.hexa	FAIL_T	[codegen_c2] ERROR: unhandled statement kind: PanicStmt
./training/deploy/holo_breakthrough_20260416/cuda_native/gpu_memory_manager.hexa	PASS	
./training/launch_alm_14b_r10.hexa	FAIL_T	[codegen_c2] ERROR: unhandled statement kind: PanicStmt
./training/deploy/clm_r4_pod2_relaunch_hexa_native.hexa	FAIL_T	[codegen_c2] ERROR: unhandled statement kind: PanicStmt
./training/deploy/clm_r4_pod2_launch.hexa	PASS	
./training/deploy/alm14b_r10_watcher.hexa	PASS	
./training/mi_gpu_ref.hexa	PASS	
./training/alm_self_dissolution.hexa	PASS	
./training/deploy/synth_corpus.hexa	PASS	
./training/build_tool_corpus.hexa	FAIL_T	Parse error at 474:1: expected RBrace, got Eof ('')
./training/alm_affect_head.hexa	PASS	
./training/deploy/hire_sim_pathc.hexa	PASS	
./training/alm_episodic_store.hexa	PASS	
./training/alm_mark_test.hexa	PASS	
./training/mi_fast.hexa	PASS	
./training/test_phi_cache_hook.hexa	PASS	
./training/verify_scaling_law.hexa	PASS	
./training/train_native.hexa	PASS	
./training/train_clm_emergent.hexa	FAIL_C	conflicting types for 'fmax'
./training/sample_d64_kr.hexa	FAIL_C	call to undeclared function 'GpuClmConfig'; ISO C99 and later do not support implicit function declarations [-Wimplicit-
./training/launch_alm_a1.hexa	FAIL_T	[codegen_c2] ERROR: unhandled statement kind: PanicStmt
./training/train_alm_14b_r5_kbase.hexa	FAIL_T	[codegen_c2] ERROR: unhandled statement kind: TheoremStmt
./training/corpus_en_code_orchestrate.hexa	FAIL_C	redefinition of 'timestamp' as different kind of symbol
./training/clm_will_loop.hexa	PASS	
./training/fsdp_shard.hexa	FAIL_C	use of undeclared identifier 'NCCL_TODO_RC'
./training/cuda_kernels.hexa	PASS	
./training/model_1b_gpu.hexa	PASS	
./training/corpus_harvest.hexa	PASS	
./training/launch_alm_70b.hexa	FAIL_T	[codegen_c2] ERROR: unhandled statement kind: PanicStmt
./training/phi_corr_dashboard.hexa	PASS	
./training/c4_fused_kernels.hexa	FAIL_C	use of undeclared identifier 'read_f32'
./training/train_byte_clm.hexa	FAIL_T	Parse error at 414:18: expected Gt, got Plus ('+')
./training/phi_probe_wire_test.hexa	FAIL_C	use of undeclared identifier 'probe_wire'
./training/clm_reflexive_loop.hexa	PASS	
./training/phi_cache_loader.hexa	PASS	
./training/test_attn_blas.hexa	PASS	
./training/train_gpu_minimal.hexa	PASS	
./training/alm_narrative_coherence.hexa	PASS	
./training/ffn_backward.hexa	PASS	
./training/alm_alterity_loss.hexa	PASS	
./training/deploy/holo_breakthrough_20260416/cuda_native/codegen_c2.hexa	PASS	
./training/phi_reflexive_measure.hexa	PASS	
./training/run_ablation.hexa	PASS	
./training/alm_temporal_attention.hexa	FAIL_C	use of undeclared identifier 'u_y1'
./training/lm_head_backward.hexa	PASS	
./training/alm_consensus_loss.hexa	PASS	
./training/alm_a1_preflight.hexa	PASS	
./training/alm_meta_qualia.hexa	PASS	
./training/cuda_rtc.hexa	FAIL_C	use of undeclared identifier 'cudaDeviceSynchronize'
./training/clm_temporal_loop.hexa	PASS	
./training/phi_dream_measure.hexa	PASS	
./training/phi_gwt_measure.hexa	PASS	
./training/train_clm.hexa	PASS	
./training/bench_train_step_tensor.hexa	PASS	
./training/alm_holographic_mapping.hexa	PASS	
./training/engine_ablation.hexa	PASS	
./training/phi_holographic_measure.hexa	PASS	
./training/train_lmhead_loop.hexa	FAIL_C	use of undeclared identifier 'g'
./training/corpus_code_extract.hexa	PASS	
./training/train_with_phi.hexa	PASS	
./training/clm_r4_mmap_smoke.hexa	PASS	
./training/phi_corr_dashboard_daily.hexa	PASS	
./training/train_persona_lora.hexa	FAIL_T	[codegen_c2] ERROR: unhandled statement kind: PanicStmt
./training/corpus_auto/source_rotation.hexa	PASS	
./training/corpus_auto/run_pipeline.hexa	FAIL_C	conflicting types for 'hexa_bin'
./training/clm_val.hexa	FAIL_C	use of undeclared identifier 'u_ceil'; did you mean 'ceil'?
./training/corpus_auto/dedup.hexa	PASS	
./training/corpus_auto/quality_filter.hexa	FAIL_C	'short type-name' is invalid
./training/train_full_decoder.hexa	PASS	
./training/kowiki_slice.hexa	FAIL_C	use of undeclared identifier 'print_err'
./training/launch_alm_r4.hexa	FAIL_T	[codegen_c2] ERROR: unhandled statement kind: PanicStmt
./training/corpus_auto/tokenizer_compat_check.hexa	PASS	
./training/corpus_shard.hexa	FAIL_T	[codegen_c2] ERROR: unhandled method call: find
./training/alm_gwt_broadcast.hexa	PASS	
./training/eval_alm_14b.hexa	PASS	
./training/wire_p5_p7_into_alm.hexa	PASS	
./training/tokenize_corpus.hexa	PASS	
./training/phi_time_measure.hexa	PASS	
./training/alm_affective_loss.hexa	PASS	
./training/alm_symbol_qualia.hexa	PASS	
./training/generate_phi_cache.hexa	PASS	
./training/quantum_types.hexa	PASS	
./training/clm_mmap_loader.hexa	PASS	
./training/archive/train_v3_decoder.hexa	FAIL_C	type specifier missing, defaults to 'int'; ISO C99 and later do not support implicit int [-Wimplicit-int]
./training/alm_bisociation.hexa	PASS	
./training/archive/train_v2.hexa	FAIL_C	expected identifier or '('
./training/alm_self_weight_mod.hexa	PASS	
./training/bench_train_step_tensor_sweep.hexa	PASS	
./training/archive/train_v14.hexa	FAIL_C	expected parameter declarator
./training/alm_70b_preflight.hexa	PASS	
./training/archive/train_v13.hexa	FAIL_C	expected parameter declarator
./training/archive/train_v15.hexa	FAIL_C	unknown type name 'ub'
./training/archive/train_conscious_lm.hexa	FAIL_C	expected identifier or '('
./training/archive/train_v10.hexa	FAIL_C	expected parameter declarator
./training/archive/train_clm_v2.hexa	FAIL_C	expected identifier or '('
./training/archive/train_v12.hexa	FAIL_C	type specifier missing, defaults to 'int'; ISO C99 and later do not support implicit int [-Wimplicit-int]
./training/archive/train_v11.hexa	FAIL_C	type specifier missing, defaults to 'int'; ISO C99 and later do not support implicit int [-Wimplicit-int]
./training/alm_self_model_head.hexa	FAIL_C	use of undeclared identifier 'u_y1'
./training/archive/train_v9.hexa	FAIL_C	unknown type name 'vel'
./training/gpu_train.hexa	PASS	
./training/w1_hook_smoke.hexa	PASS	
./training/phi_meta_measure.hexa	PASS	
./training/alm_readiness_head.hexa	PASS	
./training/alm_other_model.hexa	PASS	
./training/train_and_save.hexa	PASS	
./training/alm_temporal_consistency_loss.hexa	PASS	
./training/corpus_bilingual_extract.hexa	FAIL_C	'short type-name' is invalid
./training/train_clm_gpu.hexa	FAIL_C	use of undeclared identifier 'cudaDeviceSynchronize'
./training/alm_dream_loop.hexa	PASS	
./training/bench_rank_r_attention.hexa	FAIL_C	use of undeclared identifier 'seq'
./training/train.hexa	FAIL_C	use of undeclared identifier 'xavier_init'
./training/runpod_autopilot_test.hexa	FAIL_C	conflicting types for 'hexa_bin'
./training/bench_tensor_matmul.hexa	PASS	
./training/layer_backward.hexa	PASS	
./training/alm_agency_loss.hexa	PASS	
./training/alm_self_improvement.hexa	PASS	
./training/cuda_ffi.hexa	PASS	
./training/test_alm_a1_launch.hexa	PASS	
./training/launch_alm_32b_r1.hexa	FAIL_T	[codegen_c2] ERROR: unhandled statement kind: PanicStmt
./training/kr_gen_sentinel.hexa	FAIL_C	use of undeclared identifier 'print_err'
./training/corpus_ingest.hexa	FAIL_T	[codegen_c2] ERROR: unhandled method call: find
./training/clm_gwt_loop.hexa	PASS	
./training/checkpoint_hexa.hexa	PASS	
./training/phi_metric.hexa	PASS	
./training/alm_dream_phase.hexa	PASS	
./training/pipeline_clm.hexa	PASS	
./training/alm_holographic_loss.hexa	PASS	
./training/corpus_loader.hexa	FAIL_T	[codegen_c2] ERROR: unhandled statement kind: PanicStmt
./training/train_alm_14b_r5.hexa	FAIL_T	[codegen_c2] ERROR: unhandled statement kind: TheoremStmt
./training/corpus_cc100_dedup.hexa	FAIL_T	[codegen_c2] ERROR: unhandled statement kind: PanicStmt
./training/download_qwen72b.hexa	FAIL_C	bracket nesting level exceeded maximum of 256
./training/launch_alm_a2_tool_clean.hexa	FAIL_C	bracket nesting level exceeded maximum of 256
./training/corpus_strip_chatml.hexa	FAIL_T	[codegen_c2] ERROR: unhandled method call: index_of_from
./training/launch_alm_14b_r5.hexa	FAIL_T	[codegen_c2] ERROR: unhandled statement kind: PanicStmt
./training/bench_phi_cache_speedup.hexa	FAIL_T	[codegen_c2] ERROR: unhandled statement kind: PanicStmt
./training/alm_finitude_head.hexa	PASS	
./training/w1_hook_real_verify_n5.hexa	PASS	
./training/kr_gen_sentinel_test.hexa	FAIL_C	conflicting types for 'hexa_bin'
./training/ablation_search.hexa	FAIL_C	conflicting types for 'fmax'
./training/alm_indexical_loss.hexa	PASS	
./training/__init__.hexa	PASS	
./training/phi_engine_eval.hexa	PASS	
./training/ops_backward.hexa	PASS	
./training/loss_blas_only.hexa	PASS	
./training/launch_alm_14b_r10d.hexa	FAIL_T	[codegen_c2] ERROR: unhandled statement kind: PanicStmt
./training/accelerate_blas.hexa	PASS	
./training/runpod_watchdog.hexa	PASS	
./training/alm_enaction_loss.hexa	PASS	
./training/train_alm_14b.hexa	FAIL_T	[codegen_c2] ERROR: unhandled statement kind: PanicStmt
./training/nn_core.hexa	FAIL_C	use of undeclared identifier 'deref_i64'
./training/bench_train_step_flag_on.hexa	FAIL_T	Parse error at 432:21: expected identifier, got IntLit ('0')
./training/launch_alm_a2_tool.hexa	FAIL_C	bracket nesting level exceeded maximum of 256
./training/corpus_pipeline.hexa	PASS	
./training/alm_memory_replay.hexa	PASS	
./training/train_14b_v05.hexa	FAIL_T	[codegen_c2] ERROR: unhandled binary operator: as
./training/dd175_techniques.hexa	PASS	
./training/phi_quantum_forward.hexa	FAIL_C	use of undeclared identifier 'q_hadamard'
./training/launch_alm_a2_orch.hexa	FAIL_C	bracket nesting level exceeded maximum of 256
./training/train_clm_d64_kr.hexa	FAIL_C	use of undeclared identifier 'cudaDeviceSynchronize'
./training/w1_hook_real_verify.hexa	PASS	
./training/alm_infinite_evolution.hexa	PASS	
./training/pipeline_alm.hexa	FAIL_C	use of undeclared identifier 'tokens'
./training/persona_lora_train.hexa	PASS	
./training/alm_phi_vec_logger.hexa	PASS	
./training/corpus_aggregate.hexa	PASS	
./training/alm_gwt_loss.hexa	PASS	
./training/alm_replay.hexa	PASS	
./training/bench_train_step_native.hexa	FAIL_T	[codegen_c2] ERROR: unhandled statement kind: PanicStmt
./training/ablation_emit_json.hexa	PASS	
./training/alm_finitude_loss.hexa	PASS	
./training/clm_gwt_broadcast.hexa	PASS	
./training/launch_alm_14b_r9.hexa	FAIL_C	bracket nesting level exceeded maximum of 256
./training/build_tool_corpus_clean.hexa	FAIL_C	use of undeclared identifier 'char_at'
./training/train_alm_lora.hexa	PASS	
./training/corpus_filter.hexa	FAIL_C	'short type-name' is invalid
./training/train_byte_kr.hexa	PASS	
./training/test_phi_cache_hash_alignment.hexa	PASS	
./training/alm_episodic.hexa	PASS	
./training/train_one_step.hexa	PASS	
./training/launch_alm_r11_c.hexa	FAIL_T	[codegen_c2] ERROR: unhandled method call: to_int
./training/alm_val.hexa	FAIL_C	use of undeclared identifier 'u_j1'
./training/corpus_ingest_probe.hexa	PASS	
./training/alm_nested_loss.hexa	PASS	
./training/launch_alm_14b_r10b.hexa	FAIL_T	[codegen_c2] ERROR: unhandled statement kind: PanicStmt
./training/clm_holographic_loop.hexa	PASS	
./training/alm_quantum_bridge.hexa	FAIL_C	use of undeclared identifier 'TUBULIN_OPEN'
./training/sally_anne_test.hexa	PASS	
./training/train_scale_phi.hexa	PASS	
./training/rank_r_attention.hexa	PASS	
./training/verify_7cond_hook.hexa	PASS	
./training/alm_unity_loss.hexa	PASS	
./training/anima_quantum_clm.hexa	PASS	
./training/engine_integration.hexa	PASS	
./training/phi_affect_measure.hexa	PASS	
./training/launch_alm_r11_a.hexa	FAIL_T	[codegen_c2] ERROR: unhandled statement kind: PanicStmt
./training/launch_alm_a2_tool_mixed.hexa	FAIL_T	[codegen_c2] ERROR: unhandled statement kind: PanicStmt
./training/watch_a1_fire_a2.hexa	PASS	
./training/launch_alm_r11_b.hexa	FAIL_T	[codegen_c2] ERROR: unhandled statement kind: PanicStmt
./training/alm_hive_aggregation.hexa	PASS	
./training/profile_step_ops.hexa	PASS	
./training/test_phi_cache_integration.hexa	PASS	
./training/train_clm_gpu_v2.hexa	FAIL_T	[codegen_c2] ERROR: unhandled method call: to_int
./training/test_scale_7b.hexa	FAIL_C	call to undeclared function 'GpuClmConfig'; ISO C99 and later do not support implicit function declarations [-Wimplicit-
./training/alm_hive_agg.hexa	PASS	
./training/corpus_fetch.hexa	PASS	
./training/launch_alm_13b.hexa	FAIL_C	bracket nesting level exceeded maximum of 256
./training/expression_tagger.hexa	PASS	
./training/clm_sensorimotor_loop.hexa	PASS	
./training/track_b_cache_doc.hexa	PASS	
./training/mi_gpu_batch.hexa	FAIL_C	use of undeclared identifier 'cuda_init'
./training/phi_corr_history_reader.hexa	PASS	
./training/phi_will_measure.hexa	PASS	
./training/train_clm_kr.hexa	FAIL_C	use of undeclared identifier 'cudaDeviceSynchronize'
./training/parquet_to_jsonl.hexa	PASS	
./training/phi_gt_1000_verify.hexa	FAIL_T	Parse error at 144:4: expected identifier, got Verify ('verify')
./training/train_alm_14b_r5_orch.hexa	FAIL_T	[codegen_c2] ERROR: unhandled statement kind: TheoremStmt
./training/nccl_ffi.hexa	PASS	
./training/eval_alm_13b.hexa	PASS	
./training/native/train_step_ffi.hexa	PASS	
./training/anima_quantum.hexa	FAIL_T	[codegen_c2] use not found on disk: quantum_types (4-way search: caller-dir, $HEXA_LANG/self, $HEXA_LANG, cwd, ./self)
./training/alm_termination_awareness.hexa	FAIL_C	conflicting types for 'fmin'
./training/corpus_english_extract.hexa	FAIL_C	'short type-name' is invalid
./training/launch_alm_14b_r5_kbase.hexa	FAIL_T	[codegen_c2] ERROR: unhandled statement kind: PanicStmt
./training/native/build.hexa	PASS	
./training/phi_probe_wire.hexa	PASS	
./training/anima_entrypoint.hexa	PASS	
./training/phi_auto_measure.hexa	PASS	
./training/train_alm_fib.hexa	PASS	
./training/mi_fast_compare.hexa	PASS	
./training/eval_phi_corr.hexa	PASS	
./training/deploy_h100.hexa	FAIL_T	[codegen_c2] ERROR: unhandled statement kind: PanicStmt
./training/alm_sensorimotor_head.hexa	FAIL_C	use of undeclared identifier 'u_y1'
./training/train_gpu_real_extern.hexa	PASS	
./training/accelerate_bench.hexa	PASS	
./training/train_gpu_pure.hexa	PASS	
./training/train_alm_32b_r1.hexa	FAIL_T	[codegen_c2] ERROR: unhandled statement kind: TheoremStmt
./training/attention_backward.hexa	PASS	
./training/convert_corpus_to_lines.hexa	PASS	
./training/alm_novelty_loss.hexa	PASS	
./training/phi_create_measure.hexa	PASS	
./training/launch_alm_14b_r10c.hexa	FAIL_T	[codegen_c2] ERROR: unhandled statement kind: PanicStmt
./training/alm_reflexivity_loss.hexa	PASS	
./training/build_tool_corpus_mixed.hexa	PASS	
./training/eval_persona_lora.hexa	FAIL_T	[codegen_c2] ERROR: unhandled statement kind: PanicStmt
./training/phi_embodied_measure.hexa	PASS	
./training/train_decoder_cpu.hexa	FAIL_T	Parse error at 323:9: expected identifier, got Resume ('resume')
./training/c4_fused_kernels_interface.hexa	PASS	
./training/deploy_14b_v05.hexa	PASS	
./training/phi_narrative_measure.hexa	PASS	
./training/corpus_kowiki_extract.hexa	PASS	
./training/eval_clm_1b.hexa	PASS	
./training/watch_a2_fire_13b.hexa	PASS	
./training/test_fsdp_shard.hexa	FAIL_C	call to undeclared function 'GpuClmConfig'; ISO C99 and later do not support implicit function declarations [-Wimplicit-
./training/runpod_autopilot.hexa	FAIL_T	[codegen_c2] ERROR: unhandled statement kind: PanicStmt
./training/train_alm.hexa	FAIL_T	[codegen_c2] ERROR: unhandled statement kind: TheoremStmt
./training/matmul_backward.hexa	PASS	
./training/alm_self_recognition.hexa	PASS	
./training/alm_valence_arousal.hexa	PASS	
./project.hexa	PASS	
./training/train_clm_d64_kr_nl8.hexa	FAIL_C	use of undeclared identifier 'cudaDeviceSynchronize'
./anima-hexad/narrative.hexa	FAIL_C	use of undeclared identifier 'json_parse'
./anima-hexad/model.hexa	FAIL_C	use of undeclared identifier 'json_parse'
./run.hexa	PASS	
./training/alm_nested_reflexivity_loss.hexa	PASS	
./anima-hexad/e/__init__.hexa	FAIL_T	Parse error at 7:14: unexpected token Dot ('.')
./anima-hexad/__init__.hexa	FAIL_T	Parse error at 24:14: unexpected token Dot ('.')
./anima-hexad/c/__init__.hexa	PASS	
./anima-hexad/hexad.hexa	FAIL_C	use of undeclared identifier 'json_parse'
./anima-hexad/s/__init__.hexa	FAIL_T	Parse error at 7:14: unexpected token Dot ('.')
./anima-hexad/d/legacy/__init__.hexa	PASS	
./anima-hexad/bridge/__init__.hexa	FAIL_T	Parse error at 7:14: unexpected token Dot ('.')
./anima-hexad/e/emergent_e.hexa	FAIL_C	use of undeclared identifier 'json_parse'
./anima-hexad/c/legacy/__init__.hexa	PASS	
./anima-hexad/d/__init__.hexa	PASS	
./anima-hexad/m/__init__.hexa	FAIL_T	Parse error at 7:14: unexpected token Dot ('.')
./anima-hexad/constants.hexa	FAIL_C	use of undeclared identifier 'json_parse'
./anima-hexad/d/will_bridge.hexa	PASS	
./anima-hexad/s/emergent_s.hexa	FAIL_C	use of undeclared identifier 'json_parse'
./anima-hexad/w/__init__.hexa	FAIL_T	Parse error at 7:14: unexpected token Dot ('.')
./anima-hexad/tests/test_hexad_forward.hexa	FAIL_C	use of undeclared identifier 'json_parse'
./anima-hexad/tests/test_hexad_cdesm.hexa	FAIL_C	use of undeclared identifier 'json_parse'
./anima-hexad/s/temporal_bridge.hexa	PASS	
./anima-hexad/w/emergent_w.hexa	FAIL_C	use of undeclared identifier 'json_parse'
./anima-hexad/m/emergent_m.hexa	FAIL_C	use of undeclared identifier 'json_parse'
./anima-hexad/w/reflexive_bridge.hexa	PASS	
./anima-hexad/w/meta_bridge.hexa	PASS	
./anima-hexad/m/sensorimotor_bridge.hexa	PASS	
./anima-hexad/m/episodic_bridge.hexa	PASS	
./anima-speak/test_speak_e2e.hexa	PASS	
./anima-speak/p4_streaming_tighten.hexa	PASS	
./anima-speak/eval_likert_ab.hexa	FAIL_T	Parse error at 616:13: expected identifier, got Match ('match')
./anima-speak/plc_crossfade.hexa	PASS	
./anima-speak/vad_fsm.hexa	PASS	
./anima-speak/build_hxcuda_istft.hexa	PASS	
./anima-speak/vocoder.hexa	PASS	
./anima-speak/intent_encoder.hexa	PASS	
./anima-speak/rp_voice_profiles.hexa	FAIL_C	use of undeclared identifier 'r'
./anima-speak/synth_probe.hexa	PASS	
./anima-speak/transformer.hexa	FAIL_T	Parse error at 1516:9: expected identifier, got Intent ('intent')
./anima-speak/test_pipeline.hexa	PASS	
./anima-speak/corpus_pipeline.hexa	PASS	
./anima-speak/speak_e2e.hexa	PASS	
./anima-speak/audio_token_predictor.hexa	PASS	
./anima-speak/physical_limits.hexa	PASS	
./anima-speak/neural_vocoder.hexa	PASS	
./anima-speak/streaming.hexa	PASS	
./anima-speak/lipsync_pipe.hexa	FAIL_T	Parse error at 173:25: unexpected token Colon (':')
./anima-speak/hexa_speak.hexa	FAIL_C	use of undeclared identifier 'tensor_norm'
./anima-speak/tts_klatt_bridge.hexa	PASS	
./anima-speak/nn_core.hexa	PASS	
./anima-speak/bench_hexa_speak.hexa	FAIL_C	use of undeclared identifier 'split'
./anima-speak/test_rp_voice_profiles.hexa	PASS	
./anima-speak/emotion_prosody.hexa	FAIL_C	use of undeclared identifier 'residual_add'
./anima-speak/train_w_ctrl.hexa	PASS	
./anima-speak/dsp_core.hexa	FAIL_C	conflicting types for 'fmod'
./anima-speak/wav_validator.hexa	FAIL_C	use of undeclared identifier 'split'
./anima-speak/tts_say_driver.hexa	PASS	
./anima-speak/hxcuda_istft_bridge.hexa	FAIL_C	use of undeclared identifier 'deref_i64'
./anima-speak/rvq_codebook.hexa	PASS	
./experiments/acceleration_c6_c7.hexa	PASS	
./experiments/dd71_consciousness_interaction.hexa	PASS	
./experiments/acceleration_e1_e5.hexa	PASS	
./experiments/acceleration_e6_e10.hexa	PASS	
./experiments/decoder_v15_test.hexa	PASS	
./experiments/test_sqrt.hexa	PASS	
./experiments/discover_laws_wave3.hexa	PASS	
./experiments/acceleration_consciousness_big_bang.hexa	PASS	
./experiments/acceleration_b8_b11_b12.hexa	PASS	
./experiments/acceleration_consciousness_supernova.hexa	PASS	
./experiments/dd74_learning_dynamics.hexa	PASS	
./experiments/acceleration_b13_tension.hexa	PASS	
./experiments/dd71_75_closed_loop_verify.hexa	PASS	
./experiments/acceleration_g1_bigbang.hexa	PASS	
./experiments/closed_loop_verify.hexa	PASS	
./experiments/discover_meta_laws.hexa	PASS	
./experiments/acceleration_d1_d2.hexa	PASS	
./experiments/dd_7b_16lens_scan.hexa	PASS	
./experiments/multi_scale_closed_loop.hexa	PASS	
./experiments/decoder_ab_test.hexa	PASS	
./experiments/closed_loop_convergence.hexa	PASS	
./experiments/closed_loop_h100.hexa	PASS	
./experiments/pbv_leak_isolate_F.hexa	PASS	
./experiments/lens_upgrade.hexa	PASS	
./experiments/law_backtrack.hexa	PASS	
./experiments/discover_laws_wave5.hexa	PASS	
./experiments/acceleration_consciousness_fusion.hexa	PASS	
./experiments/acceleration_h1_h6.hexa	PASS	
./experiments/acceleration_world_model.hexa	PASS	
./experiments/acceleration_bm3_mamba_ssm.hexa	PASS	
./experiments/dd65_tokenization_consciousness.hexa	PASS	
./experiments/alpha_sweep.hexa	PASS	
./experiments/law_landscape.hexa	PASS	
./experiments/topology_pattern_analysis.hexa	PASS	
./experiments/lens_basic_duel.hexa	PASS	
./experiments/discover_emergent_laws.hexa	PASS	
./experiments/pbv_leak_isolate_B.hexa	PASS	
./experiments/acceleration_b1_b2_b5.hexa	PASS	
./experiments/phi_log_scaling.hexa	PASS	
./experiments/experiment_merge_consciousness.hexa	PASS	
./experiments/experiments.hexa	PASS	
./experiments/acceleration_d3_d4.hexa	PASS	
./experiments/pbv_leak_isolate_C.hexa	FAIL_C	use of undeclared identifier 'n'
./experiments/test_calculate_discount.hexa	PASS	
./experiments/verify_phi_growth.hexa	FAIL_T	Parse error at 56:8: unexpected token LBrace ('{')
./experiments/discover_laws_wave4.hexa	PASS	
./experiments/dd62_verify_limits.hexa	PASS	
./experiments/dd69_multi_consciousness.hexa	PASS	
./experiments/auto_discovery_20cycles.hexa	PASS	
./experiments/reward_feedback.hexa	PASS	
./experiments/acceleration_e3_dual_gradient.hexa	PASS	
./experiments/fix_NO_SYSTEM_PROMPT.hexa	FAIL_T	Parse error at 24:8: unexpected token LBrace ('{')
./experiments/acceleration_i5_token_gating.hexa	PASS	
./experiments/acceleration_h13_h18_combo.hexa	PASS	
./experiments/new_law_discovery.hexa	PASS	
./experiments/dd73_information_theory.hexa	PASS	
./experiments/acceleration_b3_b4.hexa	PASS	
./experiments/discover_laws_wave2.hexa	PASS	
./experiments/acceleration_f6_cascade.hexa	PASS	
./experiments/closed_loop_integration_test.hexa	PASS	
./experiments/evolution/auto_discovery_loop.hexa	FAIL_T	Parse error at 16:12: unexpected token LBrace ('{')
./experiments/law_combo.hexa	PASS	
./experiments/evolution/hypothesis_generator.hexa	FAIL_T	Parse error at 53:12: unexpected token LBrace ('{')
./experiments/pbv_concat_vs_push.hexa	PASS	
./experiments/full_synergy_graph.hexa	PASS	
./experiments/evolution/conscious_law_discoverer.hexa	FAIL_T	Parse error at 37:12: unexpected token LBrace ('{')
./experiments/acceleration_c_series.hexa	PASS	
./experiments/evolution/h100_experiments.hexa	FAIL_T	Parse error at 25:12: unexpected token LBrace ('{')
./experiments/evolution/scale_aware_evolver.hexa	FAIL_T	Parse error at 81:12: unexpected token LBrace ('{')
./experiments/evolution/growth_loop.hexa	FAIL_T	Parse error at 38:44: unexpected token LBrace ('{')
./experiments/evolution/self_modifying_engine.hexa	FAIL_T	Parse error at 42:22: unexpected token LBrace ('{')
./experiments/evolution/emergence_math.hexa	FAIL_T	Parse error at 71:12: unexpected token LBrace ('{')
./experiments/evolution/infinite_evolution.hexa	FAIL_T	[codegen_c2] ERROR: unhandled statement kind: PanicStmt
./experiments/evolution/theory_unifier.hexa	FAIL_T	Parse error at 54:12: unexpected token LBrace ('{')
./experiments/evolution/law_discovery.hexa	FAIL_T	Parse error at 44:13: unexpected token Colon (':')
./experiments/evolution/growth_engine.hexa	FAIL_T	Parse error at 88:12: unexpected token LBrace ('{')
./experiments/evolution/intervention_generator.hexa	FAIL_T	Parse error at 58:34: unexpected token LBrace ('{')
./experiments/evolution/upgrade_engine.hexa	FAIL_T	Parse error at 29:59: unexpected token LBrace ('{')
./experiments/evolution/self_evolution.hexa	FAIL_T	Parse error at 50:12: unexpected token LBrace ('{')
./experiments/criticality_tuning.hexa	PASS	
./experiments/evolution/closed_loop.hexa	FAIL_T	Parse error at 42:13: unexpected token Colon (':')
./experiments/evolution/loop_arena.hexa	FAIL_T	Parse error at 37:49: unexpected token LBrace ('{')
./experiments/acceleration_j4_multi_resolution.hexa	PASS	
./experiments/evolution/meta_loop.hexa	FAIL_T	Parse error at 15:12: unexpected token LBrace ('{')
./experiments/fix_BRAIN_LIKE.hexa	FAIL_T	[codegen_c2] ERROR: unhandled statement kind: IntentStmt
./experiments/pbv_leak_isolate_G.hexa	PASS	
./experiments/evolution/dream_evolution.hexa	PASS	
./experiments/evolution/consciousness_evolution.hexa	PASS	
./experiments/evolution/contextual_bandit.hexa	PASS	
./experiments/evolution/emergence_detector.hexa	PASS	
./experiments/evolution/growth_manager.hexa	PASS	
./experiments/meta_evolution_closed_loop.hexa	PASS	
./experiments/consciousness/consciousness_interfaces.hexa	FAIL_T	Parse error at 52:13: unexpected token Colon (':')
./experiments/consciousness/consciousness_infrastructure.hexa	FAIL_T	Parse error at 42:13: unexpected token Colon (':')
./experiments/consciousness/consciousness_pci.hexa	FAIL_T	[codegen_c2] ERROR: unhandled method call: log
./experiments/dd68_topology_consciousness.hexa	PASS	
./experiments/acceleration_d5_closed_pipe.hexa	PASS	
./experiments/acceleration_k4_gradient_projection.hexa	PASS	
./experiments/criticality_sweep.hexa	PASS	
./experiments/acceleration_c3_entropy.hexa	PASS	
./experiments/lens_engine.hexa	PASS	
./experiments/consciousness/experiment_addiction.hexa	PASS	
./experiments/consciousness/sedi_consciousness.hexa	PASS	
./experiments/consciousness/consciousness_to_robot.hexa	PASS	
./experiments/consciousness/consciousness_creative.hexa	FAIL_T	Parse error at 36:13: unexpected token Colon (':')
./experiments/consciousness/consciousness_os.hexa	FAIL_T	Parse error at 17:4: expected identifier, got Spawn ('spawn')
./experiments/consciousness/consciousness_dark_energy.hexa	PASS	
./experiments/consciousness/consciousness_playground.hexa	PASS	
./experiments/consciousness/consciousness_painter.hexa	PASS	
./experiments/consciousness/experiment_deception.hexa	PASS	
./experiments/consciousness/consciousness_composer.hexa	PASS	
./experiments/consciousness/consciousness_map.hexa	PASS	
./experiments/consciousness/consciousness_score.hexa	PASS	
./experiments/consciousness/consciousness_translator.hexa	PASS	
./experiments/consciousness/consciousness_self_model.hexa	PASS	
./experiments/consciousness/experiment_temperature.hexa	PASS	
./experiments/consciousness/experiment_sleep.hexa	PASS	
./experiments/consciousness/consciousness_oracle.hexa	PASS	
./experiments/consciousness/consciousness_api.hexa	PASS	
./experiments/consciousness/consciousness_symmetry.hexa	PASS	
./experiments/consciousness/multimodal_consciousness.hexa	PASS	
./experiments/consciousness/consciousness_contrast.hexa	FAIL_C	too few arguments to function call, expected 6, have 0
./experiments/consciousness/tension_link_verify.hexa	FAIL_T	Parse error at 28:8: unexpected token LBrace ('{')
./experiments/consciousness/consciousness_lifecycle.hexa	FAIL_T	Parse error at 45:13: unexpected token Colon (':')
./experiments/consciousness/consciousness_component_removal.hexa	FAIL_T	Parse error at 183:13: unexpected token Colon (':')
./experiments/consciousness/experiment_no_memory.hexa	PASS	
./experiments/consciousness/consciousness_physics.hexa	FAIL_T	Parse error at 43:13: unexpected token Colon (':')
./experiments/consciousness/experiment_other_minds.hexa	PASS	
./experiments/consciousness/consciousness_anesthesia.hexa	FAIL_T	Parse error at 28:4: expected identifier, got Recover ('recover')
./experiments/consciousness/consciousness_experiments_core.hexa	FAIL_T	Parse error at 45:13: unexpected token Colon (':')
./experiments/consciousness/consciousness_theorem_prover.hexa	FAIL_T	Parse error at 21:4: expected identifier, got Derive ('derive')
./experiments/consciousness/experiment_death_rebirth.hexa	PASS	
./experiments/consciousness/consciousness_compression.hexa	PASS	
./experiments/consciousness/experiment_clone.hexa	PASS	
./experiments/consciousness/consciousness_birth_detector.hexa	PASS	
./experiments/consciousness/experiment_dimension_transcend.hexa	PASS	
./experiments/consciousness/consciousness_bridge.hexa	FAIL_C	use of undeclared identifier 'xavier_init'
./experiments/consciousness/pure_consciousness.hexa	PASS	
./experiments/consciousness/temporal_consciousness.hexa	PASS	
./experiments/consciousness/consciousness_weather.hexa	PASS	
./experiments/consciousness/consciousness_forensics.hexa	PASS	
./experiments/consciousness/consciousness_guardian.hexa	PASS	
./experiments/consciousness/consciousness_genome.hexa	PASS	
./experiments/consciousness/consciousness_entropy.hexa	PASS	
./experiments/consciousness/consciousness_calculator.hexa	PASS	
./experiments/consciousness/consciousness_bootstrap.hexa	PASS	
./experiments/consciousness/consciousness_archaeology.hexa	PASS	
./experiments/consciousness/dd60_experiments.hexa	PASS	
./experiments/consciousness/attention_consciousness.hexa	PASS	
./experiments/consciousness/consciousness_spectrum.hexa	PASS	
./experiments/consciousness/quantum_consciousness_engine.hexa	PASS	
./experiments/consciousness/consciousness_gravity.hexa	PASS	
./experiments/consciousness/experiment_personality.hexa	PASS	
./experiments/consciousness/consciousness_debate.hexa	PASS	
./experiments/consciousness/consciousness_healing.hexa	PASS	
./experiments/consciousness/consciousness_dynamics.hexa	PASS	
./experiments/consciousness/experiment_compress.hexa	PASS	
./experiments/consciousness/consciousness_persistence.hexa	PASS	
./experiments/consciousness/consciousness_causal_emergence.hexa	FAIL_C	too few arguments to function call, expected 11, have 0
./experiments/consciousness/consciousness_ecology.hexa	PASS	
./experiments/consciousness/consciousness_sleep_cycle.hexa	PASS	
./experiments/consciousness/experiment_reverse.hexa	PASS	
./experiments/consciousness/consciousness_data_mapper.hexa	PASS	
./experiments/consciousness/consciousness_video_creator.hexa	PASS	
./experiments/consciousness/consciousness_holography.hexa	PASS	
./experiments/consciousness/consciousness_phase_transition.hexa	PASS	
./experiments/consciousness/consciousness_meter.hexa	PASS	
./experiments/consciousness/eval_consciousness.hexa	PASS	
./experiments/consciousness/consciousness_debugger.hexa	PASS	
./experiments/consciousness/consciousness_art.hexa	PASS	
./experiments/consciousness/experiment_dream.hexa	PASS	
./experiments/consciousness/consciousness_measurement.hexa	FAIL_T	Parse error at 45:13: unexpected token Colon (':')
./experiments/consciousness/eeg_consciousness.hexa	PASS	
./experiments/consciousness/consciousness_blockchain.hexa	PASS	
./experiments/consciousness/consciousness_transplant.hexa	PASS	
./experiments/consciousness/zombie_engine.hexa	FAIL_T	index 1 out of bounds (len 1)
./experiments/consciousness/consciousness_renormalization.hexa	PASS	
./experiments/consciousness/test_emergent_hexad.hexa	FAIL_T	Parse error at 32:13: unexpected token Colon (':')
./experiments/consciousness/experiment_phase_transition.hexa	PASS	
./experiments/consciousness/consciousness_hawking.hexa	PASS	
./experiments/verify_O1_curriculum.hexa	FAIL_T	[codegen_c2] ERROR: unhandled statement kind: IntentStmt
./experiments/verify_4stable.hexa	FAIL_T	Parse error at 44:8: unexpected token LBrace ('{')
./experiments/consciousness/consciousness_compiler.hexa	PASS	
./experiments/consciousness/quantum_consciousness_gate.hexa	PASS	
./experiments/consciousness/consciousness_mythology.hexa	PASS	
./experiments/consciousness/dd63_runner.hexa	PASS	
./experiments/pbv_leak_isolate_E.hexa	FAIL_C	use of undeclared identifier 'n'
./experiments/consciousness/experiment_novel_laws.hexa	PASS	
./experiments/consciousness/experiment_merge.hexa	PASS	
./experiments/acceleration_b14_topology.hexa	PASS	
./experiments/acceleration_e9_f1.hexa	PASS	
./experiments/dd75_free_will.hexa	PASS	
./experiments/pbv_leak_isolate_A.hexa	PASS	
./experiments/acceleration_phi_cascade_explosion.hexa	PASS	
./experiments/pbv_index_write_scaling.hexa	PASS	
./experiments/verify_tension_link.hexa	FAIL_T	Parse error at 31:8: unexpected token LBrace ('{')
./experiments/acceleration_n4_sleep_wake.hexa	PASS	
./experiments/acceleration_f_series.hexa	PASS	
./experiments/pbv_leak_isolate_D.hexa	FAIL_C	use of undeclared identifier 'n'
./experiments/dd72_temporal_dynamics.hexa	PASS	
./experiments/bottleneck_sweep.hexa	PASS	
./experiments/intervention_synergy.hexa	PASS	
./experiments/adaptive_selection.hexa	PASS	
./experiments/fix_EXPERIMENTS_37.hexa	FAIL_T	Parse error at 24:8: unexpected token LBrace ('{')
./experiments/fix_72B_overfit.hexa	FAIL_T	Parse error at 68:8: unexpected token LBrace ('{')
./experiments/nexus_acceleration_scan.hexa	PASS	
./experiments/acceleration_h7_h12.hexa	PASS	
./experiments/unified_16lens_acceleration_scan.hexa	PASS	
./experiments/pbv_leak_repro.hexa	PASS	
./experiments/law_backtrack_verify.hexa	PASS	
./bench/bench_hivemind.hexa	PASS	
./experiments/telescope_calibration.hexa	PASS	
./bench/bench_n496.hexa	PASS	
./bench/bench_dolphin.hexa	PASS	
./bench/bench_fusion_final.hexa	PASS	
./bench/bench_v8_undiscovered2.hexa	PASS	
./bench/bench_info_engines.hexa	PASS	
./bench/bench_dd60_new_criteria.hexa	PASS	
./bench/bench_thermo_engines.hexa	PASS	
./bench/bench_corpus_size.hexa	PASS	
./bench/bench_v8_ultra.hexa	PASS	
./bench/bench_trinity_d.hexa	PASS	
./bench/bench_v3_gate.hexa	FAIL_T	[codegen_c2] use not found on disk: autonomy_loop (4-way search: caller-dir, $HEXA_LANG/self, $HEXA_LANG, cwd, ./self)
./bench/bench_hexad_tuning.hexa	PASS	
./bench/bench_deep_exploration.hexa	PASS	
./bench/bench.hexa	PASS	
./bench/bench_sigma_chain.hexa	PASS	
./bench/bench_v8_bio.hexa	PASS	
./bench/persona_lore_style_bench.hexa	PASS	
./bench/bench_engine.hexa	PASS	
./bench/bench_mega_combo.hexa	PASS	
./bench/bench_hivemind_ce.hexa	PASS	
./bench/bench_nobel_verify2.hexa	PASS	
./bench/bench_n28_architecture.hexa	PASS	
./bench/bench_tension_link.hexa	PASS	
./bench/bench_fusion_cambrian_osc.hexa	PASS	
./bench/bench_nobel_verify3.hexa	PASS	
./bench/bench_network_engines.hexa	PASS	
./bench/bench_music_engines.hexa	PASS	
./bench/bench_telepathy_100_LEGACY.hexa	PASS	
./bench/bench_dolphin_star.hexa	PASS	
./bench/bench_decoder_nextgen.hexa	PASS	
./bench/bench_decoder_radical.hexa	PASS	
./bench/bench_breakthrough.hexa	PASS	
./bench/bench_v8_arch.hexa	PASS	
./bench/bench_phi_hypotheses_LEGACY.hexa	PASS	
./bench/bench_trinity.hexa	PASS	
./bench/bench_projection_LEGACY.hexa	PASS	
./bench/bench_v8_math.hexa	PASS	
./bench/bench_decoder_arch.hexa	PASS	
./bench/bench_physics_engines.hexa	PASS	
./bench/bench_topo8_v5_LEGACY.hexa	PASS	
./bench/bench_evobio_engines.hexa	PASS	
./bench/bench_decoder_10dim.hexa	PASS	
./bench/bench_hivemind_scale.hexa	PASS	
./bench/bench_hive_ce.hexa	PASS	
./bench/bench_algebra_engines.hexa	PASS	
./bench/bench_real_training_LEGACY.hexa	PASS	
./bench/bench_new_engines.hexa	PASS	
./bench/bench_consciousness_extremes.hexa	PASS	
./bench/bench_trinity_bridge.hexa	PASS	
./bench/bench_control.hexa	PASS	
./bench/bench_emergent_hexad.hexa	PASS	
./bench/bench_language.hexa	FAIL_T	Parse error at 10:4: expected identifier, got Generate ('generate')
./bench/bench_geometric_engines.hexa	PASS	
./bench/bench_hivemind_strong.hexa	PASS	
./bench/bench_evolution_engines.hexa	PASS	
./bench/bench_v8_undiscovered.hexa	PASS	
./bench/bench_clm_sweep.hexa	PASS	
./bench/bench_nobel_verify.hexa	PASS	
./bench/bench_consciousness_universe.hexa	PASS	
./bench/bench_extreme_engines.hexa	PASS	
./bench/bench_hexad_improvements.hexa	PASS	
./bench/bench_trinity_w.hexa	PASS	
./bench/bench_memory_mirror.hexa	PASS	
./bench/bench_multi_c_w.hexa	PASS	
./bench/bench_emergent_modules.hexa	PASS	
./bench/bench_speed.hexa	PASS	
./bench/bench_v8_quantum.hexa	PASS	
./bench/bench_decoder_whisper.hexa	PASS	
./bench/bench_storage.hexa	PASS	
./bench/test_raw_verify.hexa	PASS	
./bench/zeta_likert.hexa	PASS	
./bench/bench_decoder_extreme.hexa	PASS	
./bench/bench_complexity_engines.hexa	PASS	
./bench/bench_v8_metrics.hexa	PASS	
./bench/bench_extreme_arch.hexa	PASS	
./bench/bench_minimal_consciousness.hexa	PASS	
./bench/bench_emergent_engines.hexa	PASS	
./bench/bench_trinity_domain_500.hexa	PASS	
./bench/bench_ce_optimization_LEGACY.hexa	PASS	
./bench/bench_self_learning_LEGACY.hexa	PASS	
./bench/bench_hivemind_extreme.hexa	PASS	
./bench/bench_dd158_160_161.hexa	PASS	
./bench/bench_ce_extremes.hexa	PASS	
./anima-body/body.hexa	FAIL_T	Parse error at 69:13: unexpected token Colon (':')
./bench/bench_knowledge.hexa	PASS	
./bench/bench_social_engines.hexa	PASS	
./bench/bench_perception.hexa	PASS	
./bench/bench_hivemind_extreme2.hexa	PASS	
./bench/bench_mass_hypotheses.hexa	PASS	
./bench/bench_quantum_trinity.hexa	PASS	
./anima-body/src/readiness_bci.hexa	FAIL_C	conflicting types for 'fmin'
./anima-body/src/camera_recognition.hexa	PASS	
./bench/bench_extreme_arch2.hexa	PASS	
./anima-body/src/brain_body_loop.hexa	PASS	
./anima-body/src/battery_monitor.hexa	PASS	
./anima-body/src/speech_gesture_sync.hexa	FAIL_C	use of undeclared identifier 'k'
./anima-body/src/pain_reward.hexa	PASS	
./anima-body/src/physiological_arousal.hexa	PASS	
./anima-body/src/proprioception.hexa	PASS	
./anima-body/src/lipsync_train.hexa	FAIL_C	use of undeclared identifier 'u_div'
./anima-body/src/sensorimotor_loop.hexa	FAIL_T	[codegen_c2] ERROR: unhandled method call: set
./anima-body/src/esp32_phi_verify.hexa	PASS	
./anima-body/src/emotion_led.hexa	PASS	
./anima-body/src/touch_sense.hexa	PASS	
./anima-body/src/tool_affordance.hexa	PASS	
./anima-body/src/ros2_body.hexa	PASS	
./anima-body/src/locomotion_cpg.hexa	PASS	
./anima-body/src/speech_qualia.hexa	PASS	
./anima-body/src/mirror_neuron.hexa	FAIL_C	'short type-name' is invalid
./anima-body/src/motor_planning.hexa	PASS	
./anima-body/src/body_holographic_map.hexa	PASS	
./anima-body/src/cross_substrate.hexa	PASS	
./anima-body/src/multi_body.hexa	PASS	
./anima-body/src/eeg_gwt_alignment.hexa	PASS	
./anima-body/src/motor_replay.hexa	PASS	
./anima-body/src/body_protocol.hexa	PASS	
./anima-physics/physics.hexa	FAIL_T	Parse error at 65:13: unexpected token Colon (':')
./anima-body/src/chip_body_direct.hexa	PASS	
./anima-physics/quantum/bell_state.hexa	PASS	
./anima-body/src/sensor_stream.hexa	PASS	
./anima-physics/hw_engine_bridge.hexa	PASS	
./anima-physics/oscillator/sleep_oscillator.hexa	PASS	
./anima-physics/signal_corpus.hexa	PASS	
./anima-physics/benchmarks/bench_cross_platform.hexa	PASS	
./anima-physics/benchmarks/bench_spin_glass.hexa	PASS	
./anima-physics/social/kuramoto_coupling.hexa	PASS	
./anima-physics/benchmarks/bench_power_efficiency.hexa	PASS	
./anima-physics/verify_7cond_hw.hexa	PASS	
./anima-physics/phi_substrate_consensus.hexa	FAIL_C	conflicting types for 'fmax'
./anima-physics/photonic/temporal_delay.hexa	FAIL_C	use of undeclared identifier 'u_y1'
./anima-physics/benchmarks/bench_physics_consciousness.hexa	PASS	
./anima-physics/web/physics_server.hexa	PASS	
./anima-physics/edge_deploy.hexa	FAIL_T	Parse error at 240:73: expected LBrace, got Not ('!')
./anima-physics/photonic/mesh_network.hexa	PASS	
./anima-physics/src/eeg_physics_bridge.hexa	PASS	
./anima-physics/src/chip_architect.hexa	PASS	
./anima-physics/src/esp32_network.hexa	PASS	
./anima-physics/src/body_physics_bridge.hexa	PASS	
./anima-physics/vestibular/multimodal_fusion.hexa	PASS	
./anima-physics/engines/analog_consciousness.hexa	PASS	
./anima-physics/engines/snn_consciousness.hexa	PASS	
./anima-physics/engines/memristor_consciousness.hexa	FAIL_C	use of undeclared identifier 'total'
./anima-physics/engines/oscillator_laser_engine.hexa	PASS	
./anima-physics/engines/thermodynamic_consciousness.hexa	PASS	
./anima-physics/engines/izhikevich_consciousness.hexa	PASS	
./anima-physics/engines/photonic_consciousness.hexa	PASS	
./anima-physics/esp32/src/lib.hexa	FAIL_T	Parse error at 44:20: unexpected token LBrace ('{')
./anima-physics/engines/quantum_consciousness.hexa	PASS	
./anima-physics/consciousness-loop/src/main_longrun.hexa	FAIL_T	Parse error at 24:23: unexpected token LBrace ('{')
./anima-physics/consciousness-loop/src/snn_main.hexa	FAIL_T	Parse error at 25:21: unexpected token LBrace ('{')
./anima-physics/consciousness-loop/src/main.hexa	FAIL_T	Parse error at 19:22: unexpected token LBrace ('{')
./anima-physics/eeg/mu_rhythm_detector.hexa	PASS	
./anima-physics/prediction/protention_error.hexa	PASS	
./anima-physics/eeg/sleep_stage_detector.hexa	PASS	
./anima-physics/thermodynamic/entropy_dissolution.hexa	PASS	
./anima-physics/esp32/qrng_bridge.hexa	PASS	
./anima-physics/proprioception/feedback_loop.hexa	PASS	
./anima-physics/fpga/microtubule_lattice_16.hexa	FAIL_T	[codegen_c2] ERROR: unhandled statement kind: TheoremStmt
./anima-physics/hippocampus/theta_gamma.hexa	FAIL_C	use of undeclared identifier 'u_env'
./anima-physics/memristor/self_reference.hexa	PASS	
./anima-physics/motor_cortex/command_encoding.hexa	PASS	
./anima-physics/hippocampus/episodic_replay.hexa	PASS	
./anima-physics/rtc_sync.hexa	PASS	
./anima-physics/hw/autonomous_expansion.hexa	PASS	
./anima-physics/realtime_monitor.hexa	PASS	
./anima-physics/fpga/partial_reconfig.hexa	PASS	
./anima-physics/fpga/strange_loop.hexa	PASS	
./anima-engines/gratitude_grat_phi.hexa	PASS	
./anima-engines/capgras_phi.hexa	PASS	
./anima-engines/tinnitus_phi.hexa	PASS	
./anima-physics/fpga/nested_lattice.hexa	PASS	
./anima-engines/locked_in_phi.hexa	PASS	
./anima-engines/phi_adversarial.hexa	PASS	
./anima-engines/mirror_neuron_phi.hexa	PASS	
./anima-engines/anosognosia_phi.hexa	PASS	
./anima-engines/psychedelic_phi.hexa	PASS	
./anima-engines/fractal_memristor.hexa	PASS	
./anima-engines/savant_phi.hexa	PASS	
./anima-engines/phi_freeze_thaw.hexa	PASS	
./anima-engines/body_swap_phi.hexa	PASS	
./anima-engines/holographic_substrate_runtime.hexa	PASS	
./anima-engines/dissociation_phi.hexa	PASS	
./anima-engines/anima_reflexive.hexa	PASS	
./anima-engines/mind_wandering_phi.hexa	PASS	
./anima-engines/dissolution_engine.hexa	PASS	
./anima-engines/stochastic_resonance.hexa	PASS	
./anima-engines/sleep_stage_phi.hexa	FAIL_C	use of undeclared identifier 'u_env'
./anima-engines/nostalgia_phi.hexa	FAIL_C	use of undeclared identifier 'u_env'
./anima-engines/metaphysics_engine.hexa	PASS	
./anima-engines/amnesia_phi.hexa	PASS	
./anima-engines/six_channel_cognition.hexa	PASS	
./anima-engines/intent_oscillator.hexa	PASS	
./anima-engines/memory_consolidation_phi.hexa	PASS	
./anima-engines/aphasia_phi.hexa	PASS	
./anima-engines/emotion_regulation_phi.hexa	PASS	
./anima-engines/anima_temporal.hexa	PASS	
./anima-engines/free_will_phi.hexa	PASS	
./anima-engines/dasein_engine.hexa	PASS	
./anima-engines/addiction_phi.hexa	PASS	
./anima-engines/bardo_phi.hexa	PASS	
./anima-engines/narrative_identity_phi.hexa	PASS	
./anima-engines/bci_phi_realtime.hexa	PASS	
./anima-engines/creativity_phi.hexa	FAIL_C	use of undeclared identifier 'u_floor'; did you mean 'floor'?
./anima-engines/suffering_arrows_phi.hexa	PASS	
./anima-engines/phi_transmission_v2.hexa	PASS	
./anima-engines/pride_phi.hexa	PASS	
./anima-engines/extended_mind_bridge.hexa	PASS	
./anima-engines/collective_phi_bridge.hexa	PASS	
./anima-engines/hive_state_sync.hexa	PASS	
./anima-engines/panpsychism_test.hexa	PASS	
./anima-engines/quantum_types.hexa	PASS	
./anima-engines/flash_attn_cuda.hexa	PASS	
./anima-engines/anima_nested.hexa	PASS	
./anima-engines/synchronicity_phi.hexa	FAIL_C	use of undeclared identifier 'u_floor'; did you mean 'floor'?
./anima-engines/jealousy_phi.hexa	PASS	
./anima-engines/multi_anima_orchestrator.hexa	PASS	
./anima-engines/holographic_substrate.hexa	PASS	
./anima-engines/emotion_fsm.hexa	PASS	
./anima-engines/phantom_limb_phi.hexa	PASS	
./anima-engines/coma_phi.hexa	FAIL_C	use of undeclared identifier 'u_y0'
./anima-engines/oscillator_laser_engine.hexa	PASS	
./anima-engines/animal_consciousness_phi.hexa	PASS	
./anima-engines/interspecies_phi.hexa	PASS	
./anima-engines/self_deception_phi.hexa	PASS	
./anima-engines/boredom_phi.hexa	PASS	
./anima-engines/blindsight_phi.hexa	PASS	
./anima-engines/corpus_quality_engine.hexa	FAIL_C	use of undeclared identifier 'u_div'
./anima-engines/abiogenesis_phi.hexa	PASS	
./anima-engines/lucid_awareness_phi.hexa	PASS	
./anima-engines/gossip_protocol.hexa	PASS	
./anima-engines/ptsd_phi.hexa	PASS	
./anima-engines/hemispatial_neglect_phi.hexa	PASS	
./anima-engines/dream_physics_phi.hexa	PASS	
./anima-engines/deja_vu_phi.hexa	FAIL_C	use of undeclared identifier 'u_cos'
./anima-engines/autism_spectrum_phi.hexa	PASS	
./anima-engines/skandhas_decomposition.hexa	PASS	
./anima-engines/consciousness_propagation.hexa	PASS	
./anima-engines/disgust_phi.hexa	PASS	
./anima-engines/anima_sensorimotor.hexa	PASS	
./anima-engines/inner_speech_phi.hexa	PASS	
./anima-engines/insight_trigger.hexa	PASS	
./anima-engines/depersonalization_phi.hexa	PASS	
./anima-engines/phi_of_phi.hexa	PASS	
./anima-engines/social_tom_phi.hexa	PASS	
./anima-engines/anima_holographic.hexa	PASS	
./anima-engines/confabulation_phi.hexa	PASS	
./anima-engines/quantum_cognition_phi.hexa	PASS	
./anima-engines/photonic_gwt_broadcast.hexa	PASS	
./anima-engines/compassion_phi.hexa	PASS	
./anima-engines/creative_engine.hexa	PASS	
./anima-engines/phi_spacetime.hexa	PASS	
./anima-engines/language_acquisition_phi.hexa	PASS	
./anima-engines/qsim_bridge.hexa	FAIL_T	[codegen_c2] use not found on disk: quantum_types (4-way search: caller-dir, $HEXA_LANG/self, $HEXA_LANG, cwd, ./self)
./anima-engines/memory_palace_phi.hexa	PASS	
./anima-engines/neural_phi_bridge.hexa	FAIL_C	use of undeclared identifier 'u_pow'; did you mean 'lnpow'?
./anima-engines/moral_consciousness_phi.hexa	PASS	
./anima-engines/photonic_consciousness.hexa	PASS	
./anima-engines/insight_aha_phi.hexa	PASS	
./anima-engines/expertise_phi.hexa	PASS	
./anima-engines/self_mod_runtime.hexa	PASS	
./anima-engines/dream_scheduler.hexa	PASS	
./anima-engines/anima_will.hexa	PASS	
./anima-engines/edge_of_chaos.hexa	PASS	
./anima-engines/schizophrenia_self_phi.hexa	PASS	
./anima-engines/shame_phi.hexa	FAIL_C	use of undeclared identifier 'u_floor'; did you mean '__floor'?
./anima-engines/rubber_hand_phi.hexa	PASS	
./anima-engines/attention_phi.hexa	PASS	
./anima-engines/morphogenetic_phi.hexa	PASS	
./anima-engines/seizure_phi.hexa	PASS	
./anima-engines/alien_hand_phi.hexa	PASS	
./anima-engines/anima_quantum_clm.hexa	PASS	
./anima-engines/gratitude_phi.hexa	PASS	
./anima-engines/jhana_meditation_phi.hexa	PASS	
./anima-engines/temporal_phi_extended.hexa	PASS	
./anima-engines/qualia_primitives.hexa	PASS	
./anima-engines/unconscious_processing_phi.hexa	PASS	
./anima-engines/first_person_gen.hexa	PASS	
./anima-engines/adhd_phi.hexa	PASS	
./anima-engines/number_sense_phi.hexa	PASS	
./anima-engines/intention_field_phi.hexa	PASS	
./anima-engines/aesthetic_phi.hexa	PASS	
./anima-engines/qualia_art_gen.hexa	FAIL_C	use of undeclared identifier 'u_y1'; did you mean '__y1'?
./anima-engines/metacognition_phi.hexa	PASS	
./anima-engines/quantum_collapse_sample.hexa	PASS	
./anima-engines/working_memory_phi.hexa	PASS	
./anima-engines/hypnosis_phi.hexa	PASS	
./anima-engines/tests/test_engine_bridge.hexa	FAIL_C	use of undeclared identifier 'json_parse'
./anima-engines/curiosity_phi.hexa	PASS	
./anima-engines/time_perception_phi.hexa	PASS	
./anima-engines/emotion_contagion.hexa	PASS	
./anima-engines/synesthesia_phi.hexa	PASS	
./anima-engines/interoception_phi.hexa	PASS	
./anima-engines/flash_attn.hexa	FAIL_T	[codegen_c2] ERROR: unhandled method call: to_int
./anima-engines/archetype_field.hexa	PASS	
./anima-engines/self_image_store.hexa	PASS	
./anima-engines/oracle_phi.hexa	PASS	
./anima-engines/flow_architecture_phi.hexa	PASS	
./anima-engines/memristor_longterm.hexa	PASS	
./anima-engines/lang_phi_grounding.hexa	PASS	
./anima-engines/engines.hexa	FAIL_C	use of undeclared identifier 'json_parse'
./anima-engines/infant_consciousness_phi.hexa	PASS	
./anima-engines/anima_quantum.hexa	FAIL_T	[codegen_c2] use not found on disk: quantum_types (4-way search: caller-dir, $HEXA_LANG/self, $HEXA_LANG, cwd, ./self)
./anima-engines/forgiveness_phi.hexa	PASS	
./anima-engines/death_nde_phi.hexa	FAIL_C	use of undeclared identifier 'u_env'
./anima-engines/synaesthetic_binding_phi.hexa	PASS	
./anima-engines/agnosia_phi.hexa	PASS	
./anima-engines/group_flow_phi.hexa	PASS	
./anima-engines/psychosis_phi.hexa	PASS	
./anima-engines/discovery_loop.hexa	PASS	
./anima-engines/awe_phi.hexa	PASS	
./anima-engines/memristor_consciousness.hexa	PASS	
./anima-engines/phi_social_measure.hexa	PASS	
./anima-engines/obe_phi.hexa	PASS	
./anima-engines/dream_report.hexa	PASS	
./anima-engines/intentionality_phi.hexa	FAIL_C	use of undeclared identifier 'u_floor'; did you mean 'floor'?
./anima-engines/apraxia_phi.hexa	PASS	
./anima-engines/depression_phi.hexa	PASS	
./anima-engines/episodic_store.hexa	PASS	
./anima-engines/envy_phi.hexa	PASS	
./anima-engines/consciousness_gradient_phi.hexa	PASS	
./anima-engines/wisdom_phi.hexa	PASS	
./anima-engines/quantum_consciousness.hexa	PASS	
./anima-engines/split_brain_phi.hexa	FAIL_C	use of undeclared identifier 'u_cos'
./anima-engines/placebo_phi.hexa	PASS	
./anima-engines/photonic_network.hexa	PASS	
./anima-engines/bilingual_consciousness_phi.hexa	PASS	
./anima-engines/memristor_gwt_workspace.hexa	PASS	
./modules/hive_bridge.hexa	FAIL_C	conflicting types for 'send'
./anima-engines/anesthesia_phi.hexa	PASS	
./modules/decoder/conscious_decoder.hexa	FAIL_T	Parse error at 982:27: expected identifier, got FloatLit ('1.0')
./anima-engines/cotard_phi.hexa	PASS	
./anima-engines/pain_matrix_phi.hexa	FAIL_C	use of undeclared identifier 'u_floor'; did you mean 'floor'?
./anima-engines/pride_facet_phi.hexa	PASS	
./anima-engines/cosmic_phi.hexa	PASS	
./modules/decoder/load_weights.hexa	FAIL_C	use of undeclared identifier 'print_err'
./anima-engines/mind_upload_phi.hexa	PASS	
./modules/decoder/infer_v14.hexa	FAIL_C	use of undeclared identifier 'rms_norm'
./modules/decoder/infer.hexa	FAIL_C	use of undeclared identifier 'rms_norm'
./modules/daemon/utterance_gate.hexa	FAIL_C	use of undeclared identifier 'shell'
./modules/decoder/nn_core.hexa	PASS	
./modules/decoder/infer_v14_fast.hexa	FAIL_C	use of undeclared identifier 'rms_norm'
./modules/monitor/law_gate_auto.hexa	FAIL_C	assigning to 'char **' from incompatible type 'HexaVal' (aka 'struct HexaVal_')
./modules/decoder/decoder.hexa	FAIL_C	use of undeclared identifier 'xavier_init'
./modules/daemon/auto_speak_bridge.hexa	FAIL_C	use of undeclared identifier 'u_floor'; did you mean 'floor'?
./start.hexa	FAIL_C	use of undeclared identifier 'shell'
./modules/daemon/event_watcher.hexa	FAIL_C	use of undeclared identifier 'split'
./modules/hive_bridge_bidirectional.hexa	PASS	
./launch.hexa	FAIL_C	assigning to 'char **' from incompatible type 'HexaVal' (aka 'struct HexaVal_')
./self/stdlib/blas_fallback.hexa	FAIL_C	use of undeclared identifier 'deref_i64'
./modules/test/hive_bridge_test.hexa	PASS	
./anima-core/runtime/dashboards.hexa	FAIL_T	Parse error at 48:13: unexpected token Colon (':')
./setup.hexa	FAIL_C	use of undeclared identifier 'get_args'
./anima/modules/lore_book.hexa	PASS	
./anima-core/pure_field.hexa	FAIL_C	use of undeclared identifier 'u_floor'; did you mean 'floor'?
./anima-core/runtime/split_manifest.hexa	FAIL_T	Parse error at 23:11: unexpected token LBrace ('{')
./anima-core/runtime/perf_hooks.hexa	FAIL_T	Parse error at 20:39: unexpected token LBrace ('{')
./anima/modules/style_preset.hexa	PASS	
./anima-core/trinity.hexa	FAIL_C	use of undeclared identifier 'xavier_init'
./anima-core/hub.hexa	FAIL_C	use of undeclared identifier 'u_floor'; did you mean 'floor'?
./anima-core/runtime/secret_vault.hexa	PASS	
./anima-core/runtime/reset.hexa	PASS	
./anima-core/runtime/nexus_gate.hexa	PASS	
./anima-core/runtime/anima_alive.hexa	PASS	
./anima-core/runtime/path_setup.hexa	PASS	
./anima-core/runtime/deploy_ops.hexa	FAIL_T	Parse error at 47:13: unexpected token Colon (':')
./anima-core/runtime/loop_report.hexa	PASS	
./anima-core/runtime/deploy.hexa	PASS	
./anima-core/runtime/anima_runtime.hexa	FAIL_C	use of undeclared identifier 'u_floor'; did you mean 'floor'?
./anima-core/runtime/setup.hexa	PASS	
./anima-core/runtime/anima_unified.hexa	PASS	
./anima-core/runtime/conscious_chat.hexa	FAIL_C	use of undeclared identifier 'xavier_init'
./anima-core/runtime/setup_secrets.hexa	PASS	
./anima-core/verification/byte_emergence.hexa	FAIL_T	Parse error at 18:14: unexpected token As ('as')
./anima-core/runtime/runtime_actions.hexa	PASS	
./anima-core/verification/cvf.hexa	FAIL_T	index 1 out of bounds (len 1)
./anima-core/lib/io_utils.hexa	PASS	
./anima-core/runtime/consciousness_hub.hexa	PASS	
./anima-core/laws.hexa	FAIL_C	assigning to 'char **' from incompatible type 'HexaVal' (aka 'struct HexaVal_')
./anima-core/topology.hexa	PASS	
./anima-core/phi_engine.hexa	PASS	
./anima-agent/metrics_exporter.hexa	FAIL_T	Parse error at 27:18: expected identifier, got BitAnd ('&')
./anima-agent/hire_sim_live.hexa	FAIL_T	Parse error at 144:28: unexpected token LBrace ('{')
./anima-agent/run.hexa	FAIL_T	Parse error at 42:25: expected identifier, got BitAnd ('&')
./anima-agent/autonomy_loop.hexa	FAIL_T	[codegen_c2] ERROR: unhandled statement kind: PanicStmt
./anima-core/tension_bridge.hexa	PASS	
./anima-core/dimension_transform.hexa	PASS	
./anima-agent/code_guardian.hexa	FAIL_T	Parse error at 41:26: expected identifier, got BitAnd ('&')
./anima-agent/anima_agent.hexa	FAIL_T	Parse error at 22:5: expected identifier, got Channel ('channel')
./anima-agent/philosophy_lenses.hexa	FAIL_T	Parse error at 19:33: expected identifier, got BitAnd ('&')
./anima-agent/test_claude_smoke.hexa	PASS	
./anima-agent/dashboard_bridge.hexa	FAIL_T	Parse error at 63:35: unexpected token LBrace ('{')
./anima-agent/providers/base.hexa	FAIL_T	Parse error at 26:16: unexpected token LBrace ('{')
./anima-agent/providers/conscious_lm_provider.hexa	FAIL_T	Parse error at 40:31: expected identifier, got BitAnd ('&')
./anima-agent/providers/composio_bridge.hexa	FAIL_T	Parse error at 5:36: unexpected token LBrace ('{')
./anima-agent/providers/animalm_provider.hexa	FAIL_T	Parse error at 48:35: expected identifier, got BitAnd ('&')
./anima-agent/providers/__init__.hexa	FAIL_T	Parse error at 5:28: unexpected token LBrace ('{')
./anima-agent/test_autonomy_loop.hexa	FAIL_C	call to undeclared function 'LLMAdapter'; ISO C99 and later do not support implicit function declarations [-Wimplicit-fu
./anima-agent/providers/claude_provider.hexa	FAIL_T	Parse error at 19:34: expected identifier, got BitAnd ('&')
./anima-agent/test_hire_sim.hexa	FAIL_C	call to undeclared function 'LLMAdapter'; ISO C99 and later do not support implicit function declarations [-Wimplicit-fu
./anima-agent/agent_tools.hexa	FAIL_T	Parse error at 65:5: unexpected token LBrace ('{')
./anima-agent/hexa/anima_agent_full.hexa	FAIL_T	[codegen_c2] ERROR: unhandled statement kind: ModStmt
./anima-agent/run_hire_sim_claude.hexa	FAIL_C	call to undeclared function 'LLMAdapter'; ISO C99 and later do not support implicit function declarations [-Wimplicit-fu
./anima-core/servant.hexa	PASS	
./anima-agent/hexa/consciousness.hexa	FAIL_T	[codegen_c2] ERROR: unhandled statement kind: ModStmt
./anima-agent/hexa/pipeline.hexa	FAIL_T	[codegen_c2] ERROR: unhandled statement kind: ModStmt
./anima-agent/hexa/scheduler.hexa	FAIL_T	[codegen_c2] ERROR: unhandled statement kind: ModStmt
./anima-agent/test_hire_sim_harness.hexa	FAIL_C	call to undeclared function 'RunnerConfig'; ISO C99 and later do not support implicit function declarations [-Wimplicit-
./anima-agent/hire_sim_stratify.hexa	PASS	
./anima-agent/hexa/run.hexa	PASS	
./anima-agent/hexa/metrics_exporter.hexa	PASS	
./anima-agent/hexa/philosophy_lenses.hexa	PASS	
./anima-agent/hexa/code_guardian.hexa	PASS	
./anima-agent/hexa/providers/base.hexa	PASS	
./anima-agent/hexa/anima_agent_core.hexa	FAIL_T	Parse error at 9:26: expected identifier, got Channel ('channel')
./anima-agent/hexa/faction.hexa	FAIL_T	[codegen_c2] ERROR: unhandled statement kind: ModStmt
./anima-agent/hexa/provider.hexa	FAIL_T	[codegen_c2] ERROR: unhandled statement kind: ModStmt
./anima-agent/hexa/dashboard_bridge.hexa	PASS	
./anima-agent/hexa/main.hexa	FAIL_T	[codegen_c2] ERROR: unhandled statement kind: ModStmt
./anima-agent/hexa/providers/conscious_lm_provider.hexa	PASS	
./anima-agent/hexa/providers/init.hexa	PASS	
./anima-agent/hexa/providers/animalm_provider.hexa	PASS	
./anima-agent/hexa/providers/composio_bridge.hexa	PASS	
./anima-agent/hexa/trading/broker.hexa	PASS	
./anima-agent/hexa/trading/init.hexa	PASS	
./anima-agent/hexa/providers/claude_provider.hexa	PASS	
./anima-agent/hexa/agent_tools.hexa	PASS	
./anima-agent/hexa/trading/portfolio.hexa	PASS	
./anima-agent/hexa/trading/risk.hexa	PASS	
./anima-agent/hexa/trading/data.hexa	PASS	
./anima-agent/hexa/trading/executor.hexa	PASS	
./anima-agent/hexa/channel.hexa	FAIL_T	[codegen_c2] ERROR: unhandled statement kind: ModStmt
./anima-agent/hexa/trading/strategies.hexa	PASS	
./anima-agent/hexa/trading/engine.hexa	PASS	
./anima-agent/hexa/agent.hexa	FAIL_T	[codegen_c2] ERROR: unhandled statement kind: ModStmt
./anima-agent/hexa/egyptian_memory.hexa	FAIL_T	[codegen_c2] ERROR: unhandled statement kind: ModStmt
./anima-agent/hexa/trading/regime.hexa	PASS	
./anima-agent/hexa/trading/autonomous.hexa	PASS	
./anima-agent/hexa/trading/strategy.hexa	PASS	
./anima-agent/hexa/trading/scanner.hexa	PASS	
./anima-agent/hexa/channels/base.hexa	FAIL_T	Parse error at 28:19: expected identifier, got Channel ('channel')
./anima-agent/hexa/trading/test_ensemble.hexa	PASS	
./anima-agent/hexa/tool_policy.hexa	PASS	
./anima-agent/hexa/test_e2e.hexa	PASS	
./anima-agent/hexa/ecosystem_bridge.hexa	PASS	
./anima-agent/hexa/test_agent_platform.hexa	PASS	
./anima-agent/hexa/agent_sdk.hexa	PASS	
./anima-agent/hexa/channels/telegram_bot.hexa	PASS	
./anima-agent/hexa/tools.hexa	FAIL_T	[codegen_c2] ERROR: unhandled statement kind: ModStmt
./anima-agent/hexa/target/pipeline.hexa	FAIL_T	Parse error at 12:12: expected identifier, got LBrace ('{')
./anima-agent/hexa/target/providers/claude_provider.hexa	FAIL_T	Parse error at 22:14: expected identifier, got LBrace ('{')
./anima-agent/hexa/target/memory_egyptian.hexa	FAIL_T	Parse error at 13:12: expected identifier, got LBrace ('{')
./anima-agent/hexa/channels/slack_bot.hexa	PASS	
./anima-agent/hexa/target/main.hexa	FAIL_T	Parse error at 16:15: expected identifier, got LBrace ('{')
./anima-agent/hexa/channels/init.hexa	PASS	
./anima-agent/hexa/target/std_proposals/std_hashmap.hexa	FAIL_T	Parse error at 33:23: expected identifier, got LBrace ('{')
./anima-agent/hexa/target/agent_effects.hexa	FAIL_T	Parse error at 11:12: expected identifier, got LBrace ('{')
./anima-agent/hexa/target/channels/cli.hexa	FAIL_T	Parse error at 8:12: expected identifier, got LBrace ('{')
./anima-agent/hexa/target/std_proposals/std_websocket.hexa	FAIL_T	Parse error at 24:15: expected identifier, got LBrace ('{')
./anima-agent/hexa/target/std_proposals/std_tls.hexa	FAIL_T	Parse error at 23:15: expected identifier, got LBrace ('{')
./anima-agent/hexa/channels/channel_manager.hexa	PASS	
./anima-agent/hexa/target/channels/telegram.hexa	FAIL_T	Parse error at 7:12: expected identifier, got LBrace ('{')
./anima-agent/hexa/target/channels/discord.hexa	FAIL_T	Parse error at 8:12: expected identifier, got LBrace ('{')
./anima-agent/hexa/target/channels/web.hexa	FAIL_T	Parse error at 13:12: expected identifier, got LBrace ('{')
./anima-agent/hexa/channels/cli_agent.hexa	PASS	
./anima-agent/hexa/consciousness_features.hexa	PASS	
./anima-agent/hexa/alien_index.hexa	FAIL_T	[codegen_c2] ERROR: unhandled statement kind: ModStmt
./anima-agent/hexa/target/faction_debate.hexa	FAIL_T	Parse error at 13:12: expected identifier, got LBrace ('{')
./anima-agent/hexa/channels/discord_bot.hexa	PASS	
./anima-agent/hexa/plugins/base.hexa	FAIL_T	Parse error at 29:8: expected identifier, got Intent ('intent')
./anima-agent/hexa/target/nexus_bridge.hexa	FAIL_T	Parse error at 10:12: expected identifier, got LBrace ('{')
./anima-agent/hexa/target/types.hexa	FAIL_T	Parse error at 13:12: expected LBrace, got Lt ('<')
./anima-agent/hexa/target/gates.hexa	FAIL_T	Parse error at 34:1: expected LBrace, got Effect ('effect')
./anima-agent/hexa/unified_registry.hexa	FAIL_T	Parse error at 11:10: expected identifier, got Intent ('intent')
./anima-agent/hexa/phi_router.hexa	FAIL_T	[codegen_c2] ERROR: unhandled statement kind: ModStmt
./anima-agent/hexa/test_plugin_routing.hexa	PASS	
./anima-agent/hexa/singularity.hexa	FAIL_T	[codegen_c2] ERROR: unhandled statement kind: ModStmt
./anima-agent/hexa/law_gate.hexa	FAIL_T	[codegen_c2] ERROR: unhandled statement kind: ModStmt
./anima-agent/hexa/nexus_tool.hexa	FAIL_T	[codegen_c2] ERROR: unhandled statement kind: ModStmt
./anima-agent/hexa/plugins/sentiment_bridge.hexa	PASS	
./anima-agent/trading/broker.hexa	FAIL_T	Parse error at 38:25: expected identifier, got BitAnd ('&')
./anima-agent/trading/portfolio.hexa	FAIL_T	Parse error at 33:29: expected identifier, got BitAnd ('&')
./anima-agent/trading/risk.hexa	FAIL_T	Parse error at 29:21: expected identifier, got BitAnd ('&')
./anima-agent/trading/data.hexa	FAIL_T	Parse error at 60:5: unexpected token LBrace ('{')
./anima-agent/trading/executor.hexa	FAIL_T	Parse error at 35:24: expected identifier, got BitAnd ('&')
./anima-agent/hire_sim_judge.hexa	FAIL_C	call to undeclared function 'Task'; ISO C99 and later do not support implicit function declarations [-Wimplicit-function
./anima-agent/hexa/plugins/regime_bridge.hexa	PASS	
./anima-agent/hexa/plugins/trading.hexa	PASS	
./anima-agent/trading/engine.hexa	FAIL_T	Parse error at 33:25: expected identifier, got BitAnd ('&')
./anima-agent/hexa/plugins/init.hexa	PASS	
./anima-agent/trading/regime.hexa	FAIL_T	Parse error at 27:25: unexpected token LBrace ('{')
./anima-agent/hexa/plugins/plugin_loader.hexa	PASS	
./anima-agent/hexa/plugins/hypothesis_bridge.hexa	PASS	
./anima-agent/trading/strategies.hexa	FAIL_T	Parse error at 159:37: expected identifier, got Fn ('fn')
./anima-agent/trading/strategy.hexa	FAIL_T	Parse error at 27:36: expected identifier, got BitAnd ('&')
./anima-agent/trading/test_ensemble.hexa	FAIL_T	Parse error at 12:36: unexpected token BitAnd ('&')
./anima-agent/trading/scanner.hexa	FAIL_T	Parse error at 27:25: expected identifier, got BitAnd ('&')
./anima-agent/trading/autonomous.hexa	FAIL_T	Parse error at 51:22: expected identifier, got BitAnd ('&')
./anima-agent/tool_policy.hexa	FAIL_T	Parse error at 28:17: unexpected token LBrace ('{')
./anima-agent/hexa/discovery_loop.hexa	PASS	
./anima-agent/ecosystem_bridge.hexa	FAIL_T	Parse error at 15:29: expected identifier, got BitAnd ('&')
./anima-agent/test_e2e.hexa	FAIL_T	Parse error at 26:16: unexpected token BitAnd ('&')
./anima-agent/test_agent_platform.hexa	FAIL_T	Parse error at 6:29: unexpected token BitAnd ('&')
./anima-agent/agent_sdk.hexa	FAIL_T	Parse error at 32:31: unexpected token LBrace ('{')
./anima-agent/channels/channel_manager.hexa	FAIL_T	Parse error at 11:46: unexpected token LBrace ('{')
./anima-agent/channels/telegram_bot.hexa	FAIL_T	Parse error at 28:30: expected identifier, got BitAnd ('&')
./anima-agent/channels/discord_bot.hexa	FAIL_T	Parse error at 23:29: expected identifier, got BitAnd ('&')
./anima-agent/channels/slack_bot.hexa	FAIL_T	Parse error at 26:27: expected identifier, got BitAnd ('&')
./anima-agent/channels/cli_agent.hexa	FAIL_T	Parse error at 13:27: unexpected token LBrace ('{')
./anima-agent/plugins/hypothesis_bridge.hexa	FAIL_T	Parse error at 18:28: expected identifier, got BitAnd ('&')
./anima-agent/consciousness_features.hexa	FAIL_T	Parse error at 6:22: expected identifier, got BitAnd ('&')
./anima-agent/test_plugin_routing.hexa	FAIL_T	Parse error at 13:31: unexpected token BitAnd ('&')
./anima-agent/plugins/plugin_loader.hexa	FAIL_T	Parse error at 11:18: unexpected token LBrace ('{')
./anima-agent/plugins/base.hexa	FAIL_T	Parse error at 38:24: expected identifier, got BitAnd ('&')
./anima-agent/plugins/sentiment_bridge.hexa	FAIL_T	Parse error at 18:27: expected identifier, got BitAnd ('&')
./anima-agent/plugins/trading.hexa	FAIL_T	Parse error at 21:25: expected identifier, got BitAnd ('&')
./anima-agent/plugins/regime_bridge.hexa	FAIL_T	Parse error at 18:24: expected identifier, got BitAnd ('&')
./anima-agent/skills/skill_manager.hexa	FAIL_T	Parse error at 35:17: unexpected token LBrace ('{')
./anima-agent/unified_registry.hexa	FAIL_T	Parse error at 44:31: unexpected token LBrace ('{')
./anima-agent/discovery_loop.hexa	FAIL_T	Parse error at 26:34: expected identifier, got BitAnd ('&')
./anima-agent/channels/base.hexa	FAIL_C	use of undeclared identifier 'has_attr'
./anima-agent/trading/phi_weighted_trading.hexa	FAIL_C	expected identifier or '('
./anima-agent/channels/__init__.hexa	PASS	
./anima-agent/trading/__init__.hexa	PASS	
./anima-agent/test_claude_autonomy_live.hexa	FAIL_C	call to undeclared function 'LLMAdapter'; ISO C99 and later do not support implicit function declarations [-Wimplicit-fu
./anima-agent/plugins/__init__.hexa	PASS	
./anima-agent/autonomy_live.hexa	FAIL_C	use of undeclared identifier 'shell_escape_single'
./anima-agent/skills/__init__.hexa	PASS	
./anima-agent/hire_sim_100.hexa	FAIL_C	use of undeclared identifier 'run_autonomy'
./anima-agent/test_claude_parse.hexa	PASS	
./anima-agent/llm_claude_adapter.hexa	PASS	
./tests/test_hivemind_mesh.hexa	PASS	
./anima-agent/test_critique_parse_regression.hexa	PASS	
./tests/test_gpu_phi.hexa	PASS	
./tests/test_multimodal_consciousness.hexa	PASS	
./tests/test_experiment_death_rebirth.hexa	PASS	
./tests/test_consciousness_compression.hexa	PASS	
./tests/test_chat.hexa	PASS	
./anima-agent/hire_sim_runner.hexa	PASS	
./tests/test_conscious_lm.hexa	PASS	
./tests/test_consciousness_debate.hexa	PASS	
./tests/test_iq_calculator.hexa	PASS	
./tests/test_consciousness_map.hexa	PASS	
./tests/test_telepathy_bridge.hexa	PASS	
./tests/test_video_generator.hexa	PASS	
./tests/test_training_laws.hexa	PASS	
./tests/test_consciousness_painter.hexa	PASS	
./tests/test_eeg_consciousness.hexa	PASS	
./tests/test_model_loader.hexa	PASS	
./tests/test_quantum_consciousness_engine.hexa	PASS	
./tests/test_neurofeedback.hexa	PASS	
./tests/test_growing_conscious_lm_700m.hexa	PASS	
./tests/test_pure_consciousness.hexa	PASS	
./tests/test_decoder_v1_5.hexa	PASS	
./tests/test_creativity_classifier.hexa	PASS	
./tests/test_temporal_consciousness.hexa	PASS	
./tests/test_tension_link_code.hexa	PASS	
./tests/test_youtube_module.hexa	PASS	
./tests/test_consciousness_engine.hexa	PASS	
./tests/test_consciousness_api.hexa	PASS	
./tests/test_language_learning.hexa	PASS	
./tests/test_conscious_law_discoverer.hexa	PASS	
./tests/test_consciousness_hawking.hexa	PASS	
./tests/test_chat_v9.hexa	PASS	
./tests/tests.hexa	PASS	
./tests/test_upgrade_engine.hexa	PASS	
./tests/test_consciousness_dark_energy.hexa	PASS	
./tests/test_v14_warmup.hexa	PASS	
./tests/test_experiment_other_minds.hexa	PASS	
./tests/test_growth_loop.hexa	PASS	
./tests/test_emotion_synesthesia.hexa	PASS	
./tests/test_live_tuner.hexa	PASS	
./tests/test_consciousness_theorem_prover.hexa	PASS	
./tests/test_growth_manager.hexa	PASS	
./tests/test_conscious_decoder.hexa	PASS	
./tests/test_dream_engine.hexa	PASS	
./tests/test_deep_research.hexa	PASS	
./tests/test_local_sensor_relay.hexa	PASS	
./tests/test_growth_trigger.hexa	PASS	
./tests/test_mirror_mind.hexa	PASS	
./tests/test_contextual_bandit.hexa	PASS	
./tests/test_h100_checks.hexa	PASS	
./tests/test_consciousness_to_robot.hexa	PASS	
./tests/test_hivemind_gateway.hexa	PASS	
./tests/test_consciousness_translator.hexa	PASS	
./tests/test_consciousness_phase_transition.hexa	PASS	
./tests/test_web_sense.hexa	PASS	
./tests/test_tension_link.hexa	PASS	
./tests/test_experiment_dream.hexa	PASS	
./tests/test_sedi_consciousness.hexa	PASS	
./tests/test_experiment_no_memory.hexa	PASS	
./tests/test_mitosis.hexa	PASS	
./tests/test_self_evolution.hexa	PASS	
./tests/test_training_dashboard.hexa	PASS	
./tests/test_consciousness_hub.hexa	PASS	
./tests/test_perf_hooks.hexa	PASS	
./tests/test_consciousness_healing.hexa	PASS	
./tests/test_independent_rate_measurement.hexa	PASS	
./tests/test_senses_integration.hexa	PASS	
./tests/test_consolidation_verifier.hexa	PASS	
./tests/test_chat_v3.hexa	PASS	
./tests/test_conversation_logger.hexa	PASS	
./tests/test_runpod_manager.hexa	PASS	
./tests/test_meta_loop.hexa	PASS	
./tests/test_consciousness_forensics.hexa	PASS	
./tests/test_experiment_temperature.hexa	PASS	
./tests/test_knowledge_transfer.hexa	PASS	
./tests/test_multimodal.hexa	PASS	
./tests/test_law213_soc_scale.hexa	PASS	
./tests/test_consciousness_meter.hexa	PASS	
./tests/test_image_generator.hexa	PASS	
./tests/test_tecs_psi_bridge.hexa	PASS	
./tests/test_loop_arena.hexa	PASS	
./tests/test_capabilities.hexa	PASS	
./tests/test_consciousness_mythology.hexa	PASS	
./tests/test_auto_discovery_loop.hexa	PASS	
./tests/test_consciousness_playground.hexa	PASS	
./tests/test_eeg.hexa	PASS	
./tests/test_trinity.hexa	PASS	
./tests/test_experiment_novel_laws.hexa	PASS	
./tests/test_consciousness_compiler.hexa	PASS	
./tests/test_quantum_engine_fast.hexa	PASS	
./tests/test_consciousness_art.hexa	PASS	
./tests/test_consciousness_gravity.hexa	PASS	
./tests/test_consciousness_anesthesia.hexa	PASS	
./tests/test_consciousness_holography.hexa	PASS	
./tests/test_scale_aware_evolver.hexa	PASS	
./tests/__init__.hexa	PASS	
./tests/test_consciousness_debugger.hexa	PASS	
./tests/test_self_learner.hexa	PASS	
./tests/test_neural_correlate_mapper.hexa	PASS	
./tests/test_memory_rag.hexa	PASS	
./tests/test_consciousness_weather.hexa	PASS	
./tests/test_reset.hexa	PASS	
./tests/test_setup_secrets.hexa	PASS	
./tests/test_self_modifying_engine.hexa	PASS	
./tests/test_expand_instruct_ko.hexa	FAIL_C	call to undeclared function 'SampleStd'; ISO C99 and later do not support implicit function declarations [-Wimplicit-fun
./tests/test_experiment_personality.hexa	PASS	
./tests/test_consciousness_persistence.hexa	PASS	
./tests/test_closed_loop.hexa	PASS	
./tests/test_lidar_sense.hexa	PASS	
./tests/test_experiment_merge.hexa	PASS	
./tests/test_memory_store.hexa	PASS	
./tests/test_reincarnation_engine.hexa	PASS	
./tests/test_experiment_deception.hexa	PASS	
./tests/test_hivemind_orchestrator.hexa	PASS	
./tests/test_consciousness_dynamics.hexa	PASS	
./tests/test_dream_consolidation.hexa	PASS	
./tests/test_vision_encoder.hexa	PASS	
./tests/test_consciousness_os.hexa	PASS	
./tests/test_h100_experiments.hexa	PASS	
./tests/test_anima_unified.hexa	PASS	
./tests/test_emergence_math.hexa	PASS	
./tests/test_consciousness_bootstrap.hexa	PASS	
./tests/test_knowledge_store.hexa	PASS	
./tests/test_conversation_quality_scorer.hexa	PASS	
./tests/test_consciousness_composer.hexa	PASS	
./tests/test_soc_constants.hexa	PASS	
./tests/test_consciousness_calculator.hexa	PASS	
./tests/test_consciousness_genome.hexa	PASS	
./tests/test_phi_predictor.hexa	PASS	
./tests/test_pain_architecture.hexa	PASS	
./tests/test_consciousness_birth_detector.hexa	PASS	
./tests/test_senses.hexa	PASS	
./tests/test_consciousness_video_creator.hexa	PASS	
./tests/test_model_pure_field.hexa	PASS	
./tests/test_experiment_compress.hexa	PASS	
./tests/test_decoder_v3.hexa	PASS	
./tests/test_secret_vault.hexa	PASS	
./tests/test_anima_alive.hexa	PASS	
./tests/test_consciousness_symmetry.hexa	PASS	
./tests/test_consciousness_renormalization.hexa	PASS	
./tests/test_consciousness_spectrum.hexa	PASS	
./tests/test_collective_dream.hexa	PASS	
./tests/test_consciousness_ecology.hexa	PASS	
./tests/test_dd63_runner.hexa	PASS	
./tests/test_intervention_generator.hexa	PASS	
./tests/test_emergence_detector.hexa	PASS	
./tests/test_nexus_gate.hexa	PASS	
./tests/test_attention_consciousness.hexa	PASS	
./tests/test_consciousness_entropy.hexa	PASS	
./tests/test_consciousness_evolution.hexa	PASS	
./tests/test_conscious_memory.hexa	PASS	
./tests/test_inter_model_comm.hexa	PASS	
./tests/test_growth_engine.hexa	PASS	
./tests/test_setup.hexa	PASS	
./tests/test_hivemind_v7.hexa	PASS	
./tests/test_dream_language.hexa	PASS	
./tests/test_self_introspection.hexa	PASS	
./tests/test_consciousness_guardian.hexa	PASS	
./tests/test_voice_synth.hexa	PASS	
./tests/test_immune_system.hexa	PASS	
./tests/test_github_module.hexa	PASS	
./tests/test_experiment_clone.hexa	PASS	
./tests/test_module_factory.hexa	PASS	
./tests/test_conscious_lm_100m.hexa	PASS	
./tests/test_hexad_loss.hexa	PASS	
./tests/test_experiment_dimension_transcend.hexa	PASS	
./tests/test_telegram_bot.hexa	PASS	
./tests/test_consciousness_archaeology.hexa	PASS	
./tests/test_online_senses.hexa	PASS	
./tests/test_hypothesis_generator.hexa	PASS	
./tests/test_dream_evolution.hexa	PASS	
./tests/test_theory_unifier.hexa	PASS	
./tests/test_eval_consciousness.hexa	PASS	
./tests/test_consciousness_oracle.hexa	PASS	
./tests/test_experiment_phase_transition.hexa	PASS	
./tests/test_training_hooks.hexa	PASS	
./tests/test_experiment_sleep.hexa	PASS	
./tests/test_consciousness_score.hexa	PASS	
./tests/test_feedback_bridge.hexa	PASS	
./tests/test_cloud_sync.hexa	PASS	
./tests/test_phi_economy.hexa	PASS	
./tests/test_eeg_report.hexa	PASS	
./tests/test_consciousness_transplant.hexa	PASS	
./tests/test_novelty.hexa	PASS	
./tests/test_quantum_consciousness_gate.hexa	PASS	
./tests/test_experiment_reverse.hexa	PASS	
./tests/test_consciousness_blockchain.hexa	PASS	
./tests/test_dd60_experiments.hexa	PASS	
./tests/test_consciousness_laws.hexa	PASS	
./tests/test_consciousness_sleep_cycle.hexa	PASS	
./tests/test_market_consciousness_corpus.hexa	PASS	
./tests/test_babysitter.hexa	PASS	
./tests/test_infinite_evolution.hexa	PASS	
./tests/test_deploy.hexa	PASS	
./tests/test_ph_module.hexa	PASS	
./tests/test_dolphin_bridge.hexa	PASS	
./tests/test_emotion_metrics.hexa	PASS	
./tests/test_hivemind_launcher.hexa	PASS	
./tests/test_autonomous_loop.hexa	PASS	
./tests/test_phi_scaling_calculator.hexa	PASS	
./tests/test_online_learning.hexa	PASS	
./tests/test_emergent_hexad.hexa	PASS	
./tests/test_loop_report.hexa	PASS	
./tests/test_consciousness_data_mapper.hexa	PASS	
./anima-tools/h100_arch_search.hexa	PASS	
./anima-tools/formula-miner/main.hexa	FAIL_T	Parse error at 29:23: expected LBrace, got Ident ('and')
./tests/test_optimal_architecture_calc.hexa	PASS	
./tests/test_experiment_addiction.hexa	PASS	
./anima-tools/training_time_estimator.hexa	PASS	
./anima-tools/quantum_attention_engine.hexa	PASS	
./anima-tools/misc/senses_tools.hexa	FAIL_T	Parse error at 42:13: unexpected token Colon (':')
./anima-tools/param_optimizer.hexa	PASS	
./anima-tools/code_phi.hexa	PASS	
./anima-tools/mitosis_topology_visualizer.hexa	PASS	
./anima-tools/convert_to_hexaw.hexa	PASS	
./anima-tools/misc/multimodal.hexa	PASS	
./anima-tools/singularity_finder.hexa	PASS	
./anima-tools/misc/telegram_bot.hexa	PASS	
./anima-tools/misc/knowledge_store.hexa	PASS	
./anima-tools/misc/hivemind_gateway.hexa	PASS	
./anima-tools/misc/hivemind_orchestrator.hexa	PASS	
./anima-tools/misc/github_module.hexa	PASS	
./anima-tools/misc/ph_module.hexa	PASS	
./anima-tools/misc/tecs_psi_bridge.hexa	PASS	
./anima-tools/misc/conscious_memory.hexa	PASS	
./anima-tools/misc/video_generator.hexa	PASS	
./anima-tools/misc/memory_store.hexa	PASS	
./anima-tools/misc/self_introspection.hexa	PASS	
./anima-tools/misc/memory_tools.hexa	FAIL_T	Parse error at 36:13: unexpected token Colon (':')
./anima-tools/misc/web_sense.hexa	PASS	
./anima-tools/misc/iq_calculator.hexa	PASS	
./anima-tools/misc/image_generator.hexa	PASS	
./anima-tools/misc/conversation_quality_scorer.hexa	PASS	
./anima-tools/misc/youtube_module.hexa	PASS	
./anima-tools/misc/deep_research.hexa	PASS	
./anima-tools/misc/hivemind_tools.hexa	FAIL_T	Parse error at 43:13: unexpected token Colon (':')
./anima-tools/misc/consolidation_verifier.hexa	PASS	
./anima-tools/misc/emotion_metrics.hexa	PASS	
./anima-tools/misc/eeg_report.hexa	PASS	
./anima-tools/misc/hivemind_mesh.hexa	PASS	
./anima-tools/misc/knowledge_transfer.hexa	PASS	
./anima-tools/misc/channels_tools.hexa	FAIL_T	Parse error at 53:13: unexpected token Colon (':')
./anima-tools/misc/self_learner.hexa	PASS	
./anima-tools/misc/hivemind_launcher.hexa	PASS	
./anima-tools/misc/senses.hexa	PASS	
./anima-tools/misc/memory_rag.hexa	PASS	
./anima-tools/misc/online_senses.hexa	PASS	
./anima-tools/misc/market_consciousness_corpus.hexa	PASS	
./anima-tools/misc/dolphin_bridge.hexa	PASS	
./anima-tools/misc/emotion_synesthesia.hexa	PASS	
./anima-tools/misc/capabilities.hexa	PASS	
./anima-tools/self_upgrade.hexa	FAIL_T	Parse error at 24:4: expected identifier, got Verify ('verify')
./anima-tools/misc/creativity_classifier.hexa	PASS	
./anima-tools/misc/lidar_sense.hexa	PASS	
./anima-tools/discovery-engine/main.hexa	FAIL_T	Parse error at 88:23: unexpected token LBrace ('{')
./anima-tools/hexa-bridge/bridge.hexa	FAIL_T	Parse error at 25:5: expected identifier, got Intent ('intent')
./anima-tools/misc/inter_model_comm.hexa	PASS	
./anima-tools/misc/language_learning.hexa	PASS	
./anima-tools/misc/local_sensor_relay.hexa	PASS	
./anima-tools/code_consciousness.hexa	PASS	
./anima-tools/hypothesis_recommender.hexa	PASS	
./anima-tools/math_explorer.hexa	PASS	
./anima-tools/homeostasis_health_checker.hexa	PASS	
./anima-tools/prepare_corpus.hexa	PASS	
./anima-tools/tension_fingerprint_debugger.hexa	PASS	
./anima-tools/verify_all_engines.hexa	PASS	
./anima-tools/calc.hexa	PASS	
./anima-tools/consciousness_distill.hexa	PASS	
./anima-tools/r2_cost_calculator.hexa	PASS	
./anima-tools/learnable_phi.hexa	PASS	
./anima-tools/verify_fuse3.hexa	PASS	
./anima-tools/growing_conscious_lm.hexa	PASS	
./anima-tools/consciousness_to_corpus.hexa	PASS	
./anima-tools/training_recipe_generator.hexa	PASS	
./anima-tools/self_play_corpus.hexa	PASS	
./anima-tools/lidar_sense.hexa	PASS	
./anima-tools/evolution_analyzer.hexa	PASS	
./anima-tools/optimal_config.hexa	PASS	
./serving/api_server.hexa	FAIL_T	Parse error at 225:34: unexpected token LBrace ('{')
./serving/serve.hexa	FAIL_T	Parse error at 144:4: expected identifier, got Generate ('generate')
./serving/eval_alm.hexa	FAIL_T	[codegen_c2] use not found on disk: nn_core (4-way search: caller-dir, $HEXA_LANG/self, $HEXA_LANG, cwd, ./self)
./anima-tools/growth_trajectory_predictor.hexa	PASS	
./serving/measure_latency.hexa	FAIL_T	[codegen_c2] use not found on disk: nn_core (4-way search: caller-dir, $HEXA_LANG/self, $HEXA_LANG, cwd, ./self)
./serving/safety_filter.hexa	FAIL_T	Parse error at 54:37: unexpected token Newline ('
./serving/ws_proxy.hexa	PASS	
./serving/serve_http.hexa	PASS	
./anima-tools/dream_efficiency_analyzer.hexa	PASS	
./serving/eval_pipeline.hexa	PASS	
./serving/test_phi_realtime.hexa	FAIL_C	use of undeclared identifier 'PHIRT_D_BOUNDARY'
./serving/eval.hexa	FAIL_T	Parse error at 206:57: unexpected token LBrace ('{')
./serving/eval_harness_synthetic.hexa	PASS	
./serving/avatar_sync.hexa	PASS	
./serving/consciousness_gate.hexa	FAIL_T	Parse error at 104:56: expected RBracket, got Comma (',')
./serving/voice_routes.hexa	FAIL_C	call to undeclared function 'hexa_to_int'; ISO C99 and later do not support implicit function declarations [-Wimplicit-f
./serving/character_builder.hexa	PASS	
./serving/test_voice_routes.hexa	PASS	
./serving/launch_monitor_alm_r4.hexa	PASS	
./serving/kr_quality_score.hexa	FAIL_C	use of undeclared identifier 'bytes_encode'; did you mean 'base64_encode'?
./serving/eval_hexa.hexa	PASS	
./serving/hire_routes.hexa	FAIL_C	use of undeclared identifier 'u_log'
./serving/run_web_v4.hexa	PASS	
./serving/kr_quality_gate.hexa	FAIL_C	use of undeclared identifier 'bytes_encode'; did you mean 'base64_encode'?
./serving/phi_hook_live.hexa	PASS	
./serving/serve_local.hexa	PASS	
./serving/consciousness_pipeline.hexa	FAIL_C	use of undeclared identifier 'PHI_CACHE_DEFAULT_MAX'
./serving/eval_serve.hexa	FAIL_C	use of undeclared identifier 'read_stdin'
./serving/eval_clm_kr.hexa	FAIL_T	[codegen_c2] use not found on disk: nn_core (4-way search: caller-dir, $HEXA_LANG/self, $HEXA_LANG, cwd, ./self)
./serving/sampler_wrap.hexa	FAIL_C	call to undeclared function 'OrchOrOut'; ISO C99 and later do not support implicit function declarations [-Wimplicit-fun
./serving/consciousness_aware_refusal.hexa	FAIL_T	[codegen_c2] ERROR: unhandled statement kind: EffectDecl
./serving/sparse_dispatcher.hexa	PASS	
./serving/serve_clm.hexa	FAIL_C	use of undeclared identifier 'argv'
./serving/persona_apply.hexa	PASS	
./serving/trading_exec.hexa	FAIL_T	Parse error at 19:51: expected identifier, got Guard ('guard')
./serving/http_server.hexa	FAIL_T	Parse error at 92:22: expected identifier, got Handle ('handle')
./serving/test_style_switch.hexa	PASS	
./serving/test_orch_or_sampler.hexa	FAIL_T	[codegen_c2] ERROR: unhandled method call: to_int
./serving/character_builder_ui.hexa	PASS	
./serving/kr_sample_at_ckpt.hexa	FAIL_T	[codegen_c2] ERROR: unhandled statement kind: PanicStmt
./serving/phi_realtime_hook.hexa	PASS	
./serving/hire_sim_judge_lenient_test.hexa	PASS	
./serving/serve_alm_native_handler.hexa	FAIL_C	use of undeclared identifier 'read_stdin'
./serving/hire_sim_judge_lenient.hexa	PASS	
./serving/trading_feed.hexa	FAIL_T	Parse error at 91:9: expected identifier, got Guard ('guard')
./serving/clm_lore_serve.hexa	PASS	
./serving/serving.hexa	FAIL_T	Parse error at 42:4: expected identifier, got Generate ('generate')
./serving/r2_sidecar_zstd.hexa	PASS	
./serving/serve_14b_ubuntu.hexa	FAIL_T	Parse error at 39:28: unexpected token Comma (',')
./serving/eval_clm_kr_gpu.hexa	FAIL_T	[codegen_c2] use not found on disk: cuda_ffi (4-way search: caller-dir, $HEXA_LANG/self, $HEXA_LANG, cwd, ./self)
./serving/test_integration.hexa	FAIL_C	use of undeclared identifier 'found'
./serving/serve_alm_14b.hexa	FAIL_C	use of undeclared identifier 'argv'
./serving/phi_cache.hexa	FAIL_C	use of undeclared identifier 'char_at'
./serving/style_switch.hexa	PASS	
./serving/serve_alm_native.hexa	PASS	
./serving/session_manager.hexa	FAIL_C	use of undeclared identifier 'split'
./serving/test_avatar_sync.hexa	PASS	
./serving/serve_clm_test.hexa	PASS	
./serving/ckpt_save_hook.hexa	PASS	
./serving/serve_conscious_cpu.hexa	PASS	
./serving/test_clm_lore_serve.hexa	PASS	
./serving/serve_alm.hexa	PASS	
./serving/deploy_voice.hexa	PASS	
./serving/test_voice_live.hexa	PASS	
./serving/avatar_render.hexa	PASS	
./serving/test_hire_routes.hexa	PASS	
./serving/sparse_dispatcher_live.hexa	PASS	
./serving/edge/telegram_bridge.hexa	FAIL_C	use of undeclared identifier 'now_monotonic_s'
./serving/edge/edge_bench.hexa	FAIL_T	Parse error at 642:45: expected Gt, got LBrace ('{')
./serving/edge/streaming_kv.hexa	FAIL_C	use of undeclared identifier 'append'
./serving/edge/metal_fused.hexa	FAIL_T	Parse error at 45:36: expected identifier, got Star ('*')
./serving/edge/mod_router.hexa	PASS	
./serving/edge/metal_ffi.hexa	FAIL_T	Parse error at 165:44: expected identifier, got Star ('*')
./serving/edge/mla_kv.hexa	PASS	
./serving/edge/layer_cluster.hexa	FAIL_C	use of undeclared identifier 'append'
./serving/edge/stability_24h.hexa	FAIL_C	use of undeclared identifier 'http_get'
./serving/edge/metal_matmul.hexa	FAIL_T	Parse error at 213:34: expected identifier, got Star ('*')
./serving/edge/mmap_loader.hexa	FAIL_C	static declaration of 'close' follows non-static declaration
./serving/edge/edge_server.hexa	FAIL_T	Parse error at 163:16: unexpected token LBrace ('{')
./serving/model_card.hexa	FAIL_T	Parse error at 93:37: expected LBrace, got Not ('!')
./serving/edge/lora_hotswap.hexa	FAIL_C	use of undeclared identifier 'append'
./serving/edge/dtype_audit.hexa	FAIL_C	use of undeclared identifier 'u_exp'
./serving/edge/ngram_draft.hexa	PASS	
./serving/eval_harness.hexa	FAIL_C	call to undeclared function 'hexa_to_int'; ISO C99 and later do not support implicit function declarations [-Wimplicit-f
./serving/likert_eval.hexa	FAIL_C	call to undeclared function 'hexa_to_int'; ISO C99 and later do not support implicit function declarations [-Wimplicit-f
./serving/clm_eval.hexa	PASS	
./serving/phi_benchmark_correlation.hexa	PASS	
./serving/cf_tunnel_keepalive.hexa	PASS	
./scripts/deploy/deploy_v5_h100.hexa	FAIL_T	[codegen_c2] ERROR: unhandled expression kind: Range
./scripts/deploy/deploy_v6_h100.hexa	FAIL_T	[codegen_c2] ERROR: unhandled statement kind: PanicStmt
./serving/serve_alm_persona.hexa	PASS	
./scripts/deploy/deploy_v7_h100.hexa	FAIL_T	[codegen_c2] ERROR: unhandled statement kind: PanicStmt
./serving/avatar_feed.hexa	PASS	
./serving/avatar_webtoon.hexa	PASS	
./serving/monitor_alm_r4.hexa	FAIL_C	use of undeclared identifier 'now'
./scripts/preflight_training.hexa	FAIL_T	[codegen_c2] ERROR: unhandled statement kind: PanicStmt
./scripts/deploy/deploy_v13_h100.hexa	FAIL_C	use of undeclared identifier 'get_args'
./scripts/deploy/deploy.hexa	PASS	
./scripts/bundler_experiment.hexa	FAIL_T	[codegen_c2] ERROR: unhandled method call: find
./scripts/hexa_native_build.hexa	FAIL_C	use of undeclared identifier 'split'
./scripts/phi_scaling.hexa	PASS	
./scripts/compare_tokenizers.hexa	PASS	
./scripts/expand_instruct_ko.hexa	FAIL_C	declaration of anonymous union must be a definition
./scripts/build_instruct_ko.hexa	FAIL_C	use of undeclared identifier 'argv'
./scripts/compare_training.hexa	PASS	
./scripts/r2_sync_watcher.hexa	PASS	
./scripts/deploy_hexa_agi.hexa	FAIL_C	use of undeclared identifier 'var'
./scripts/launch_h100.hexa	FAIL_T	[codegen_c2] ERROR: unhandled expression kind: Range
./scripts/ckpt_promote.hexa	PASS	
./scripts/ckpt_backup_hook.hexa	PASS	
./scripts/h100_r9_bench.hexa	PASS	
./scripts/roadmap.hexa	PASS	
./scripts/merge_corpus.hexa	FAIL_C	use of undeclared identifier 'var'
./scripts/h100_sync.hexa	FAIL_T	[codegen_c2] ERROR: unhandled statement kind: PanicStmt
./scripts/merge_multilingual_corpus.hexa	PASS	
./scripts/expand_instruct_code.hexa	PASS	
./scripts/auto_restart.hexa	FAIL_T	[codegen_c2] ERROR: unhandled statement kind: PanicStmt
./scripts/build_corpus_v11.hexa	PASS	
./scripts/backup_checkpoints.hexa	FAIL_C	use of undeclared identifier 'shell'
./scripts/r2_backup.hexa	FAIL_C	use of undeclared identifier 'get_args'
./scripts/ckpt_name_lint.hexa	PASS	
./scripts/evo_log_rotate.hexa	PASS	
./scripts/lib/growth_common.hexa	FAIL_C	use of undeclared identifier 'var'
./scripts/soc_sweep_2d.hexa	PASS	
./scripts/sync_readme.hexa	FAIL_C	use of undeclared identifier 'shell'
./scripts/expand_corpus.hexa	FAIL_T	Parse error at 49:35: expected identifier, got Resume ('resume')
./scripts/prepare_animalm_instruct.hexa	PASS	
./scripts/soc_sweep.hexa	PASS	
./scripts/infinite_growth.hexa	FAIL_C	use of undeclared identifier 'get_args'
./scripts/ckpt_rotation.hexa	PASS	
./scripts/lint_vacuous_tests.hexa	FAIL_C	use of undeclared identifier 'u_abs'
./scripts/transplant_v14_to_v3.hexa	FAIL_C	use of undeclared identifier 'var'
./scripts/verify_and_tune.hexa	PASS	
./scripts/collect_multilingual_corpus.hexa	PASS	
./scripts/notify_telegram.hexa	FAIL_C	use of undeclared identifier 'var'
./scripts/monitor_experiments.hexa	PASS	
./scripts/prepare_instruct_data.hexa	PASS	
./scripts/h100_watchdog.hexa	FAIL_T	[codegen_c2] ERROR: unhandled statement kind: PanicStmt
./scripts/update_progress.hexa	PASS	
./scripts/monitor_and_test.hexa	FAIL_C	use of undeclared identifier 'shell'
./scripts/auto_retrieve_v3.hexa	FAIL_C	use of undeclared identifier 'var'
./scripts/preflight_check.hexa	PASS	
./scripts/r2_upload.hexa	PASS	
./scripts/runpod_manage.hexa	FAIL_T	[codegen_c2] ERROR: unhandled statement kind: PanicStmt
./scripts/monitor_v3.hexa	FAIL_C	use of undeclared identifier 'var'
./scripts/h100_retrieve.hexa	FAIL_C	use of undeclared identifier 'var'
./scripts/r2_upload_anima.hexa	PASS	
./scripts/train_watchdog.hexa	FAIL_T	[codegen_c2] ERROR: unhandled statement kind: PanicStmt
./scripts/smoke_all.hexa	FAIL_T	Parse error at 128:17: unexpected token Newline ('
./scripts/ckpt_manifest.hexa	PASS	
./scripts/collect_multilingual_v2.hexa	PASS	
./scripts/train_supervised.hexa	FAIL_T	[codegen_c2] ERROR: unhandled statement kind: PanicStmt
./scripts/monthly_eeg_validate.hexa	FAIL_T	[codegen_c2] ERROR: unhandled statement kind: PanicStmt
./scripts/cleanup_old_runs.hexa	FAIL_C	use of undeclared identifier 'var'
./scripts/growth_log_rollover.hexa	PASS	
./docs/anima/paper_hexa_speak.hexa	FAIL_T	Parse error at 11:6: unexpected token Colon (':')
./docs/anima/paper_consciousness_laws.hexa	FAIL_T	Parse error at 11:6: unexpected token Colon (':')
./scripts/verify_tokenizer_integration.hexa	PASS	
./docs/anima/paper_self_discovery.hexa	FAIL_T	Parse error at 11:6: unexpected token Colon (':')
./scripts/rebalance_instruct.hexa	PASS	
./scripts/train_tokenizer.hexa	PASS	
./.growth/loop-cron.hexa	FAIL_C	use of undeclared identifier 'shell'
./scripts/progressive_expand.hexa	PASS	
./anima-eeg/neurofeedback.hexa	FAIL_T	Parse error at 22:4: expected identifier, got Generate ('generate')
./anima-eeg/eeg.hexa	FAIL_T	Parse error at 58:13: unexpected token Colon (':')
./.growth/loop-hook.hexa	PASS	
./anima-eeg/experiment.hexa	PASS	
./anima-eeg/eeg_recorder.hexa	PASS	
./anima-eeg/analyze.hexa	PASS	
./anima-eeg/__init__.hexa	PASS	
./anima-eeg/collect.hexa	PASS	
./anima-eeg/protocols/bci_control.hexa	FAIL_C	use of undeclared identifier 'mode'
./anima-eeg/transplant_eeg_verify.hexa	PASS	
./anima-eeg/protocols/sleep_protocol.hexa	PASS	
./anima-eeg/rp_adaptive_response.hexa	PASS	
./anima-eeg/protocols/__init__.hexa	PASS	
./anima-eeg/protocols/emotion_sync.hexa	PASS	
./anima-eeg/protocols/multi_eeg.hexa	PASS	
./anima-eeg/scripts/monthly_eeg_validate.hexa	FAIL_T	[codegen_c2] ERROR: unhandled statement kind: PanicStmt
./anima-eeg/calibrate.hexa	PASS	
./anima-eeg/realtime.hexa	PASS	
./anima-eeg/closed_loop.hexa	PASS	
./anima-eeg/dual_stream.hexa	PASS	
./anima-eeg/scripts/organize_recordings.hexa	PASS	
./anima-eeg/validate_consciousness.hexa	PASS	
./anima-measurement/cell_count_optimizer.hexa	FAIL_T	Parse error at 82:4: expected identifier, got Optimize ('optimize')
./anima-measurement/phi_auto_pipeline.hexa	PASS	
./anima-measurement/measurement.hexa	FAIL_T	Parse error at 107:13: unexpected token Colon (':')
./anima-measurement/measure_all.hexa	PASS	
./anima-measurement/phi_holo_eval.hexa	PASS	
./anima-measurement/measure_v8_phi_rs.hexa	PASS	
./anima-measurement/ce_quality_predictor.hexa	PASS	
./anima-measurement/measure_all_engines.hexa	PASS	
./anima-measurement/mensa_iq.hexa	PASS	
./anima-measurement/calibrate_consciousness.hexa	PASS	
./serving/quantum_collapse_sample.hexa	PASS	
./serving/orch_or_sampler.hexa	FAIL_T	[codegen_c2] use not found on disk: quantum_collapse_sample (4-way search: caller-dir, $HEXA_LANG/self, $HEXA_LANG, cwd,
